classes_AUPRC,classes_AUROC,classes_accuracy,classes_loss,classes_precision,classes_recall,loss,pathways_AUPRC,pathways_AUROC,pathways_accuracy,pathways_loss,pathways_precision,pathways_recall,superclasses_AUPRC,superclasses_AUROC,superclasses_accuracy,superclasses_loss,superclasses_precision,superclasses_recall,holdout,subset,feature_set
0.9973381757736206,0.9999567866325378,0.9796649217605591,0.0001977307110792026,0.9740945100784302,0.978988766670227,0.0010981825180351734,0.9999956488609314,0.9999992251396179,0.9984679222106934,0.0007237725076265633,0.9979583621025085,0.9992061257362366,0.9996769428253174,0.9998996257781982,0.9969756007194519,0.00017645668413024396,0.9966655373573303,0.9979926943778992,0,subtrain,Auto-Correlation
0.9176452159881592,0.9782670140266418,0.8832471370697021,0.0014079669490456581,0.9017192721366882,0.8665501475334167,0.05847451090812683,0.9786890745162964,0.9924810528755188,0.9774771332740784,0.050006717443466187,0.9768217206001282,0.9769768118858337,0.9588260054588318,0.9876753091812134,0.9515320062637329,0.0070349667221307755,0.9568010568618774,0.9473684430122375,0,validation,Auto-Correlation
0.9133435487747192,0.9771857857704163,0.8784540891647339,0.0014582345029339194,0.8972905278205872,0.8651242852210999,0.06611380726099014,0.9760639667510986,0.9919478297233582,0.9751050472259521,0.05682158097624779,0.9740169048309326,0.9738931655883789,0.9526782035827637,0.9860135316848755,0.9470266103744507,0.007824111729860306,0.9523687362670898,0.9435257911682129,0,test,Auto-Correlation
0.9972397089004517,0.9999168515205383,0.9804409146308899,0.00020194458193145692,0.9703015089035034,0.9823840260505676,0.0012503629550337791,0.999994695186615,0.9999991655349731,0.9977515935897827,0.0008326327078975737,0.9975830316543579,0.9993252158164978,0.9998499751091003,0.9999891519546509,0.9966970682144165,0.00021545471099670976,0.9953807592391968,0.9978535771369934,1,subtrain,Auto-Correlation
0.912315845489502,0.9767948985099792,0.8799840807914734,0.0014916217187419534,0.8952810764312744,0.8664125204086304,0.06243203207850456,0.9768861532211304,0.9920443296432495,0.9763628840446472,0.05350833758711815,0.9766333103179932,0.9756252765655518,0.9553436040878296,0.9868628978729248,0.9498607516288757,0.007488328497856855,0.9539732336997986,0.94585782289505,1,validation,Auto-Correlation
0.9098386764526367,0.9758455753326416,0.8774353861808777,0.0015542354667559266,0.8916562795639038,0.8646793365478516,0.06814101338386536,0.975642740726471,0.9915117621421814,0.9725582599639893,0.05852581933140755,0.9717166423797607,0.9733214974403381,0.9524384140968323,0.9857574701309204,0.9465809464454651,0.00803875271230936,0.9497821927070618,0.9430170655250549,1,test,Auto-Correlation
0.9945427775382996,0.9988921880722046,0.9759640097618103,0.0002617671270854771,0.9731002449989319,0.9727330207824707,0.001064979936927557,0.9999769330024719,0.9999978542327881,0.9984281063079834,0.0006385757587850094,0.9986112713813782,0.9990869760513306,0.9998062252998352,0.9999790191650391,0.9974730610847473,0.00016437697922810912,0.9973384141921997,0.9979528784751892,2,subtrain,Auto-Correlation
0.9115515351295471,0.9747294187545776,0.8760843873023987,0.001525760511867702,0.8990688323974609,0.8590039014816284,0.06066536530852318,0.9769882559776306,0.9919890761375427,0.9768404364585876,0.051221974194049835,0.9764911532402039,0.975716233253479,0.9526341557502747,0.985712468624115,0.9497811198234558,0.00786516536027193,0.9541659951210022,0.9449876546859741,2,validation,Auto-Correlation
0.9084069132804871,0.9745473265647888,0.878517746925354,0.0015701845986768603,0.8992433547973633,0.8611199259757996,0.06947612762451172,0.9742452502250671,0.9908605217933655,0.974086344242096,0.05947911739349365,0.9737494587898254,0.9731309413909912,0.9495999813079834,0.9851478338241577,0.9469629526138306,0.00840567797422409,0.9519409537315369,0.9435257911682129,2,test,Auto-Correlation
0.9956574440002441,0.9998944997787476,0.9740737676620483,0.000255364750046283,0.9659274816513062,0.9721996188163757,0.0014178947312757373,0.9999538660049438,0.9999955296516418,0.9979307055473328,0.000935962307266891,0.997622013092041,0.9990474581718445,0.9998273253440857,0.9999986886978149,0.9964582920074463,0.0002263155038235709,0.9956170916557312,0.9976946711540222,3,subtrain,Auto-Correlation
0.9176049828529358,0.9788005352020264,0.8775964975357056,0.0014148233458399773,0.8947672247886658,0.861490786075592,0.060121648013591766,0.9790784120559692,0.9926514625549316,0.9780341982841492,0.05183495581150055,0.9777371287345886,0.9765724539756775,0.9609076380729675,0.9879966378211975,0.9510545134544373,0.006862390320748091,0.9577702879905701,0.9468034505844116,3,validation,Auto-Correlation
0.9119879603385925,0.9775230884552002,0.8727238178253174,0.0014627864584326744,0.8942148685455322,0.8596580624580383,0.06674520671367645,0.9762277007102966,0.991676926612854,0.9753597378730774,0.05782248079776764,0.9760814309120178,0.9746553897857666,0.9553423523902893,0.9864367842674255,0.9484910368919373,0.007484010886400938,0.9551624059677124,0.944288969039917,3,test,Auto-Correlation
0.9956138134002686,0.99992436170578,0.9743921160697937,0.00025373706012032926,0.9666186571121216,0.9724158644676208,0.001214830670505762,0.999995231628418,0.9999991655349731,0.9985076785087585,0.0007550146547146142,0.9982742667198181,0.9987695813179016,0.999832808971405,0.9999987483024597,0.9968960285186768,0.0002058037935057655,0.9959134459495544,0.9977145195007324,4,subtrain,Auto-Correlation
0.9158756136894226,0.9786096811294556,0.8814961910247803,0.0014382321387529373,0.8970841765403748,0.8676517605781555,0.06529512256383896,0.976730465888977,0.9917473793029785,0.9768404364585876,0.05691913515329361,0.9758672714233398,0.9760997295379639,0.9571788311004639,0.9874213933944702,0.9520095586776733,0.0073278495110571384,0.9541416764259338,0.947996199131012,4,validation,Auto-Correlation
0.9114879369735718,0.9775529503822327,0.8770533800125122,0.0014882647665217519,0.8976805806159973,0.8609927892684937,0.06796376407146454,0.9743759632110596,0.9910429120063782,0.9740226864814758,0.05868952348828316,0.9738765358924866,0.9732579588890076,0.9529122114181519,0.9859820008277893,0.9487457275390625,0.007763737812638283,0.9529125094413757,0.944670557975769,4,test,Auto-Correlation
0.9953230023384094,0.9990024566650391,0.9784113764762878,0.00024185239453800023,0.9729313254356384,0.9778192639350891,0.0011991129722446203,0.9999947547912598,0.9999991059303284,0.9981893301010132,0.0007594189373776317,0.9982543587684631,0.9986109733581543,0.9998153448104858,0.9999986290931702,0.9968164563179016,0.0001975334162125364,0.9964073300361633,0.9976548552513123,5,subtrain,Auto-Correlation
0.912211537361145,0.9749224781990051,0.8791086077690125,0.001537594012916088,0.9034430980682373,0.863239049911499,0.061309490352869034,0.9765980839729309,0.991532564163208,0.9767608642578125,0.05226404592394829,0.9770883321762085,0.9756136536598206,0.9558008313179016,0.986163318157196,0.9497811198234558,0.007456069812178612,0.9573337435722351,0.9455354809761047,5,validation,Auto-Correlation
0.9049810767173767,0.973371148109436,0.8764166831970215,0.0016167095163837075,0.8964559435844421,0.8617555499076843,0.06847082823514938,0.9739755988121033,0.9904740452766418,0.9736406207084656,0.05864928290247917,0.9746674299240112,0.9726862907409668,0.9513022303581238,0.9848108291625977,0.9458805322647095,0.008186250925064087,0.9538808465003967,0.9418087005615234,5,test,Auto-Correlation
0.9972302913665771,0.999966561794281,0.9807791709899902,0.00019385648192837834,0.9740588068962097,0.9799399971961975,0.0011489610187709332,0.9999948740005493,0.9999991655349731,0.9982689619064331,0.0007436507730744779,0.9980168342590332,0.9988487958908081,0.9996968507766724,0.9999979138374329,0.9968562126159668,0.00021116703283041716,0.9964267015457153,0.9977339506149292,6,subtrain,Auto-Correlation
0.9150288105010986,0.9763346314430237,0.8836450576782227,0.0014860333176329732,0.8996958136558533,0.8689058423042297,0.06912046670913696,0.9751136898994446,0.991267740726471,0.975487470626831,0.05996384844183922,0.9757590293884277,0.9743650555610657,0.9561811089515686,0.9862931966781616,0.9513728618621826,0.0076111918315291405,0.9550084471702576,0.946130633354187,6,validation,Auto-Correlation
0.908647358417511,0.9751233458518982,0.8798548579216003,0.0015396372182294726,0.8978391885757446,0.8635988235473633,0.06834062188863754,0.9741753935813904,0.9904127717018127,0.9742136597633362,0.05869201943278313,0.9743947982788086,0.9741472601890564,0.9517048597335815,0.9851939678192139,0.9487457275390625,0.008104768581688404,0.9538422226905823,0.9449249505996704,6,test,Auto-Correlation
0.9975559711456299,0.9999671578407288,0.9819531440734863,0.0001826706138672307,0.9748616218566895,0.982761025428772,0.0010355658596381545,0.9999957084655762,0.9999992847442627,0.9985474944114685,0.0007013407303020358,0.9982346296310425,0.9989479780197144,0.9999231100082397,0.9999994039535522,0.9971745610237122,0.0001559766969876364,0.9968239665031433,0.9980522990226746,7,subtrain,Auto-Correlation
0.9151207208633423,0.9763256907463074,0.8809391260147095,0.0014945728471502662,0.9005352258682251,0.8685673475265503,0.07359137386083603,0.9749786853790283,0.9907658696174622,0.9757262468338013,0.06391135603189468,0.9760069847106934,0.9746905565261841,0.9521558880805969,0.9851146936416626,0.9486669301986694,0.008177770301699638,0.9535033106803894,0.9455441832542419,7,validation,Auto-Correlation
0.9129651784896851,0.9760456681251526,0.8810008764266968,0.0014947850722819567,0.900323212146759,0.8674759864807129,0.07214830070734024,0.9735465049743652,0.99052894115448,0.9747230410575867,0.06253771483898163,0.9750000238418579,0.9735755324363708,0.9521703720092773,0.9852858185768127,0.9472176432609558,0.008094425313174725,0.9537245035171509,0.9437165856361389,7,test,Auto-Correlation
0.997134268283844,0.9998970031738281,0.9791675209999084,0.00019640629761852324,0.9721834063529968,0.9805805683135986,0.0011913407361134887,0.9999952912330627,0.9999992847442627,0.997970461845398,0.0007800760795362294,0.997958242893219,0.9991069436073303,0.9998685121536255,0.9999890923500061,0.9966174364089966,0.00021455706155393273,0.9957338571548462,0.9973170161247253,8,subtrain,Auto-Correlation
0.9158614873886108,0.976345956325531,0.8826900124549866,0.0014811607543379068,0.8971955180168152,0.8671011924743652,0.06842708587646484,0.9750866889953613,0.9914995431900024,0.9747712016105652,0.05922006815671921,0.9739888906478882,0.9752262830734253,0.9555690288543701,0.9870589375495911,0.9516116380691528,0.007687688339501619,0.9527124166488647,0.9467281699180603,8,validation,Auto-Correlation
0.9068089127540588,0.9745752811431885,0.8739335536956787,0.0015702582895755768,0.8940809965133667,0.8573698401451111,0.07040710747241974,0.9744142889976501,0.9911544322967529,0.9735769629478455,0.060426581650972366,0.9731411337852478,0.9735120534896851,0.9496732354164124,0.9848557710647583,0.9461988806724548,0.008388255722820759,0.9495830535888672,0.9414907097816467,8,test,Auto-Correlation
0.9982284903526306,0.9999678134918213,0.9837836623191833,0.00015896628610789776,0.9786784052848816,0.9826432466506958,0.0010362777393311262,0.999995231628418,0.9999992847442627,0.9983286261558533,0.0007293104426935315,0.9981950521469116,0.998789370059967,0.99994295835495,0.9999995231628418,0.9972939491271973,0.0001477185433031991,0.9969030618667603,0.9979530572891235,9,subtrain,Auto-Correlation
0.915993332862854,0.9760510921478271,0.8854755163192749,0.0014864042168483138,0.9057024717330933,0.8705910444259644,0.0642511174082756,0.9763263463973999,0.991325855255127,0.975487470626831,0.05530591681599617,0.9748927354812622,0.9741187691688538,0.9556419253349304,0.9863953590393066,0.9507361650466919,0.007603065576404333,0.9561128616333008,0.9459244608879089,9,validation,Auto-Correlation
0.9086365103721619,0.9737316966056824,0.8813192248344421,0.0015576824080199003,0.9024584293365479,0.8656327724456787,0.06649143993854523,0.9745915532112122,0.9910975098609924,0.9754233956336975,0.056641530245542526,0.9757803082466125,0.9750365018844604,0.9491541385650635,0.9846139550209045,0.9478543400764465,0.008269078098237514,0.953065812587738,0.9440345764160156,9,test,Auto-Correlation
0.9877207279205322,0.9996429681777954,0.9541565775871277,0.00043074588757008314,0.9527579545974731,0.9416133761405945,0.0018868196057155728,0.9999256134033203,0.9999755024909973,0.9975327253341675,0.001066557364538312,0.9973840117454529,0.9988092184066772,0.9995833039283752,0.9999769926071167,0.9943889379501343,0.00038907560519874096,0.9932792782783508,0.9957468509674072,0,subtrain,Functional Groups
0.8955374956130981,0.9740228652954102,0.8512535095214844,0.0016973332967609167,0.8784497976303101,0.8318372964859009,0.06640322506427765,0.9750498533248901,0.9912666082382202,0.9726223349571228,0.05559126287698746,0.9717115759849548,0.973563015460968,0.9445076584815979,0.9833742380142212,0.933943510055542,0.009108971804380417,0.9388212561607361,0.93210369348526,0,validation,Functional Groups
0.8933547735214233,0.9740928411483765,0.8548325300216675,0.001725784968584776,0.8791806697845459,0.8320727348327637,0.07026012241840363,0.9738689661026001,0.9911739230155945,0.9717305302619934,0.05896613374352455,0.9714376330375671,0.9721781015396118,0.9413490295410156,0.9833189249038696,0.9321914911270142,0.009547729045152664,0.9383121132850647,0.9276901483535767,0,test,Functional Groups
0.9925616383552551,0.9996615648269653,0.9664133191108704,0.00032797909807413816,0.9615453481674194,0.9594256281852722,0.0019041497725993395,0.999943733215332,0.9999769926071167,0.998109757900238,0.0011700545437633991,0.9978967308998108,0.9980947971343994,0.9996901154518127,0.999918520450592,0.9943292737007141,0.0004056237521581352,0.9925655722618103,0.9950314164161682,1,subtrain,Functional Groups
0.9052608013153076,0.9760064482688904,0.8661360740661621,0.0015683559468016028,0.8917181491851807,0.8483043313026428,0.06792717427015305,0.9755188822746277,0.991310179233551,0.9739753007888794,0.05805791914463043,0.9741365313529968,0.9718936085700989,0.9497567415237427,0.9846705198287964,0.9377636313438416,0.008515316992998123,0.9413038492202759,0.9332962036132812,1,validation,Functional Groups
0.9023412466049194,0.9751771092414856,0.8650833964347839,0.0015781029360368848,0.8923293948173523,0.8444035053253174,0.06532935053110123,0.9753717184066772,0.9911370873451233,0.97319495677948,0.0552915520966053,0.974324643611908,0.9714158773422241,0.9481305480003357,0.9844388961791992,0.9360753893852234,0.008455312810838223,0.9424576163291931,0.9301704168319702,1,test,Functional Groups
0.9962763786315918,0.9998558759689331,0.9754467010498047,0.0002252020494779572,0.9699832201004028,0.9748182892799377,0.001383584109134972,0.999994158744812,0.9999989867210388,0.9983286261558533,0.0008518612594343722,0.9981944561004639,0.9985709190368652,0.9997596740722656,0.9999391436576843,0.9953042268753052,0.00030620829784311354,0.9946197867393494,0.9957070350646973,2,subtrain,Functional Groups
0.9073631167411804,0.9739285707473755,0.8740947246551514,0.0015868886839598417,0.8963881731033325,0.8555881977081299,0.0614469014108181,0.9787849187850952,0.9922754168510437,0.9768404364585876,0.050768088549375534,0.9762830138206482,0.9767478704452515,0.9457626342773438,0.9834467768669128,0.9404695630073547,0.009038735181093216,0.9442396759986877,0.9369584321975708,2,validation,Functional Groups
0.8996213674545288,0.9723126888275146,0.8671845197677612,0.0017022218089550734,0.8890873193740845,0.8544460535049438,0.07154310494661331,0.9736654162406921,0.9906700849533081,0.9744683504104614,0.06010157987475395,0.9745676517486572,0.9736390709877014,0.940441370010376,0.9825208783149719,0.9374760985374451,0.009766709059476852,0.9435151815414429,0.9327143430709839,2,test,Functional Groups
0.9961938858032227,0.9997667670249939,0.9768792986869812,0.00022527763212565333,0.9695846438407898,0.9767469763755798,0.0014233026886358857,0.9999931454658508,0.9999987483024597,0.9980500340461731,0.0009358108509331942,0.9977598786354065,0.9988093376159668,0.9998506903648376,0.999988853931427,0.9955629110336304,0.000262005312833935,0.994684636592865,0.9967010021209717,3,subtrain,Functional Groups
0.9104726910591125,0.9765391945838928,0.8721846342086792,0.0015406860038638115,0.8925175666809082,0.8578353524208069,0.058076273649930954,0.9790024161338806,0.9926467537879944,0.9784321784973145,0.04825260490179062,0.9778096079826355,0.9763341546058655,0.950193464756012,0.985009491443634,0.9427775740623474,0.008271629922091961,0.9498993158340454,0.9377385377883911,3,validation,Functional Groups
0.90345299243927,0.9733315706253052,0.8725964426994324,0.0016205277061089873,0.8907685279846191,0.8567978143692017,0.06603800505399704,0.9747754335403442,0.9909079074859619,0.9752324223518372,0.055114902555942535,0.9747028350830078,0.9740837216377258,0.9420558214187622,0.9828178882598877,0.9376671314239502,0.009282384999096394,0.9442836046218872,0.9334138631820679,3,test,Functional Groups
0.9940335750579834,0.9997236728668213,0.97089022397995,0.00029195312527008355,0.9637418389320374,0.9664978384971619,0.0015474635874852538,0.9999800324440002,0.9999889731407166,0.9980898499488831,0.0009257959318347275,0.9981153607368469,0.9984719157218933,0.9996692538261414,0.9999678730964661,0.9951848387718201,0.00032985187135636806,0.9937759041786194,0.99636310338974,4,subtrain,Functional Groups
0.9025703072547913,0.9749712944030762,0.8661360740661621,0.001630250015296042,0.8902124166488647,0.8489831686019897,0.06383952498435974,0.9772639274597168,0.9918159246444702,0.9748507738113403,0.053523700684309006,0.974143385887146,0.9752262830734253,0.9478280544281006,0.9845798015594482,0.937206506729126,0.008909962140023708,0.9416907429695129,0.9336037039756775,4,validation,Functional Groups
0.8966834545135498,0.9726044535636902,0.8622819185256958,0.001666988362558186,0.885841429233551,0.8478357791900635,0.06667269021272659,0.9751047492027283,0.9912862777709961,0.9730676412582397,0.05591229349374771,0.973284125328064,0.9719240069389343,0.9438292980194092,0.9835965633392334,0.9368394017219543,0.009074670262634754,0.9414440393447876,0.934558629989624,4,test,Functional Groups
0.9950612187385559,0.9998837113380432,0.9717457890510559,0.0002668734232429415,0.9669488668441772,0.9661232233047485,0.0017334525473415852,0.9999247193336487,0.9999489784240723,0.9979107975959778,0.0011298812460154295,0.998411238193512,0.9976187348365784,0.9998705983161926,0.9999986290931702,0.9945481419563293,0.00033623119816184044,0.994376003742218,0.9944352507591248,5,subtrain,Functional Groups
0.9101994633674622,0.9764507412910461,0.8752089142799377,0.0015011898940429091,0.8959479928016663,0.8539415001869202,0.05295601114630699,0.9802440404891968,0.9929294586181641,0.9793871641159058,0.04367820918560028,0.9791401028633118,0.9768846035003662,0.9533363580703735,0.9855350255966187,0.944130539894104,0.0077698915265500546,0.94964200258255,0.9386181235313416,5,validation,Functional Groups
0.9027588367462158,0.9739215970039368,0.8690946102142334,0.0016117001650854945,0.8923467397689819,0.8492976427078247,0.06392742693424225,0.976137638092041,0.9914685487747192,0.9745957255363464,0.05356745421886444,0.9751608371734619,0.9725592136383057,0.9461386799812317,0.9837479591369629,0.9383038282394409,0.008732231333851814,0.9455400705337524,0.9330323338508606,5,test,Functional Groups
0.9957596063613892,0.9998353719711304,0.9744518399238586,0.00024281744845211506,0.9681382775306702,0.9734453558921814,0.0016003585187718272,0.9999583959579468,0.9999870657920837,0.9973138570785522,0.0010608946904540062,0.9975807666778564,0.9984915256500244,0.9997760057449341,0.999988317489624,0.99522465467453,0.0002963125298265368,0.9943631887435913,0.9958456158638,6,subtrain,Functional Groups
0.9083343744277954,0.9748872518539429,0.8748109936714172,0.0015685732942074537,0.8917291760444641,0.8586628437042236,0.06196800246834755,0.978280782699585,0.9923646450042725,0.9760445952415466,0.051652442663908005,0.975865364074707,0.9755555391311646,0.9482216238975525,0.9846504330635071,0.9402307868003845,0.0086937565356493,0.9455972909927368,0.9377085566520691,6,validation,Functional Groups
0.9037973880767822,0.9736133813858032,0.8706226944923401,0.0016093451995402575,0.8914713263511658,0.8557173013687134,0.06444256752729416,0.9768179655075073,0.9920840859413147,0.9733222723007202,0.05366523191332817,0.9735204577445984,0.9738296270370483,0.9440211653709412,0.9838338494300842,0.9374760985374451,0.009156767278909683,0.9431723356246948,0.9351946115493774,6,test,Functional Groups
0.9954500198364258,0.9996960163116455,0.9744717478752136,0.0002535513776820153,0.9660220146179199,0.9751543998718262,0.0014932368649169803,0.9999533295631409,0.9999955296516418,0.9980500340461731,0.0009298577788285911,0.9976012706756592,0.9988685846328735,0.9998113512992859,0.9999884963035583,0.9950853586196899,0.0003094857675023377,0.9939538240432739,0.9965218901634216,7,subtrain,Functional Groups
0.9004786610603333,0.973240315914154,0.8631117939949036,0.001685768598690629,0.8804025053977966,0.8476810455322266,0.06812765449285507,0.975128710269928,0.9910750389099121,0.9736570119857788,0.05705578625202179,0.9733481407165527,0.9735798239707947,0.9445058107376099,0.982915461063385,0.9354556202888489,0.00943772867321968,0.9401091933250427,0.9309166073799133,7,validation,Functional Groups
0.8996517062187195,0.9725235104560852,0.8641283512115479,0.0016847924562171102,0.8864104151725769,0.8486620187759399,0.06867983937263489,0.9735849499702454,0.9906433820724487,0.9725582599639893,0.05740004777908325,0.9722875356674194,0.9716699719429016,0.9416990876197815,0.9823930859565735,0.9349293112754822,0.00957497674971819,0.9406512975692749,0.9313787817955017,7,test,Functional Groups
0.9968061447143555,0.9998868107795715,0.977695107460022,0.00020138487161602825,0.971721887588501,0.9791311025619507,0.0014223736943677068,0.9999932646751404,0.9999988675117493,0.9975924491882324,0.0009233126183971763,0.997365415096283,0.9992061853408813,0.9998003840446472,0.9999885559082031,0.9951848387718201,0.00029729545349255204,0.9938760995864868,0.9966611862182617,8,subtrain,Functional Groups
0.9086964726448059,0.973599910736084,0.875447690486908,0.0015931489178910851,0.900274932384491,0.8589142560958862,0.0670439600944519,0.9755050539970398,0.9913990497589111,0.9765220880508423,0.0564250610768795,0.9756329655647278,0.976020336151123,0.9467575550079346,0.9835329651832581,0.9436529874801636,0.00897022895514965,0.9469587802886963,0.9383000731468201,8,validation,Functional Groups
0.8979843854904175,0.9703137278556824,0.8690309524536133,0.0017312206327915192,0.889535665512085,0.8547638654708862,0.07485190778970718,0.9723736047744751,0.990193784236908,0.9734496474266052,0.06310199946165085,0.9728751182556152,0.9728133082389832,0.9393993616104126,0.9815390110015869,0.9352476596832275,0.009999333880841732,0.9429307579994202,0.9309971928596497,8,test,Functional Groups
0.995625376701355,0.9998949766159058,0.9735166430473328,0.0002447036386001855,0.967879056930542,0.9723960161209106,0.0014429662842303514,0.9999932646751404,0.999998927116394,0.9980102777481079,0.0008885545539669693,0.9979371428489685,0.9985114932060242,0.9996816515922546,0.9999876618385315,0.9950057864189148,0.00030933000380173326,0.9938757419586182,0.9965619444847107,9,subtrain,Functional Groups
0.9046322107315063,0.9742743372917175,0.8706725239753723,0.0016365651972591877,0.8885129690170288,0.8553383946418762,0.07058573514223099,0.973771870136261,0.9908586144447327,0.9734182357788086,0.05961285158991814,0.9732539653778076,0.973563015460968,0.9436590075492859,0.9831139445304871,0.9387982487678528,0.009360815398395061,0.9449976086616516,0.9359045624732971,9,validation,Functional Groups
0.8986915349960327,0.9719881415367126,0.8672481775283813,0.0017019661609083414,0.8889328837394714,0.855653703212738,0.07057836651802063,0.9731243252754211,0.9906845688819885,0.9739589691162109,0.059027429670095444,0.9739252328872681,0.9727497696876526,0.9385868310928345,0.9817879796028137,0.9367757439613342,0.009829586371779442,0.9435794949531555,0.9327779412269592,9,test,Functional Groups
0.9969965219497681,0.9998570680618286,0.9788889288902283,0.00020000302174594253,0.9726373553276062,0.9784128665924072,0.0015542872715741396,0.9999905228614807,0.9999983906745911,0.9978908896446228,0.0010757477721199393,0.9975609183311462,0.9983924627304077,0.999883770942688,0.9999791979789734,0.9954634308815002,0.00027815692010335624,0.9946601390838623,0.9958462715148926,0,subtrain,Ghose-Crippen
0.9056155681610107,0.9737696647644043,0.8748905658721924,0.001608027727343142,0.8916089534759521,0.8592422008514404,0.06720279902219772,0.9758354425430298,0.9911340475082397,0.9757262468338013,0.05661054328083992,0.9759821891784668,0.9742775559425354,0.9448614716529846,0.9833639860153198,0.9430162906646729,0.00894580315798521,0.9473346471786499,0.9381459951400757,0,validation,Ghose-Crippen
0.9016318917274475,0.9717764258384705,0.871514081954956,0.0016680211992934346,0.8891383409500122,0.8559079766273499,0.07205165177583694,0.9738106727600098,0.9906787872314453,0.9735133051872253,0.06080373376607895,0.975030243396759,0.972305178642273,0.941560685634613,0.9827200174331665,0.9381127953529358,0.009580117650330067,0.9431489706039429,0.9337318539619446,0,test,Ghose-Crippen
0.9950068593025208,0.9997748732566833,0.9735166430473328,0.00026101802359335124,0.9640974402427673,0.9732880592346191,0.001628674566745758,0.9999911189079285,0.9999983906745911,0.9978908896446228,0.001049890648573637,0.997877299785614,0.9982535243034363,0.9996603727340698,0.999948263168335,0.9951649308204651,0.0003173303557559848,0.9944616556167603,0.9956474900245667,1,subtrain,Ghose-Crippen
0.9001261591911316,0.9732794165611267,0.8696379065513611,0.0016644871793687344,0.8887328505516052,0.8544992208480835,0.07092675566673279,0.9727835655212402,0.9904119968414307,0.9729406833648682,0.0601097047328949,0.9735315442085266,0.9724493622779846,0.944778323173523,0.9836304783821106,0.9391961693763733,0.00924972165375948,0.9452980160713196,0.9342502951622009,1,validation,Ghose-Crippen
0.8960986137390137,0.9715345501899719,0.8656564354896545,0.00174140022136271,0.8864192366600037,0.8517129421234131,0.06916407495737076,0.9753412008285522,0.9910794496536255,0.9733859896659851,0.057360775768756866,0.973734438419342,0.9725592136383057,0.9397191405296326,0.9814407229423523,0.9345473051071167,0.01004595123231411,0.9404914975166321,0.9297252893447876,1,test,Ghose-Crippen
0.9955594539642334,0.9998549222946167,0.9740936756134033,0.0002487243327777833,0.9681194424629211,0.9709457159042358,0.0013996928464621305,0.9999935626983643,0.9999988675117493,0.9981893301010132,0.000896196870598942,0.9979179501533508,0.9988884925842285,0.9998915791511536,0.9999989867210388,0.9958215355873108,0.0002544205926824361,0.9949806332588196,0.9967604279518127,2,subtrain,Ghose-Crippen
0.9081457257270813,0.9742798805236816,0.8729009032249451,0.0015695064794272184,0.8907709121704102,0.8563825488090515,0.06448797136545181,0.9757574796676636,0.9913180470466614,0.9769995808601379,0.053881410509347916,0.9764837026596069,0.9753987789154053,0.9445419907569885,0.9836778044700623,0.9419816732406616,0.008980893529951572,0.9449739456176758,0.9379124045372009,2,validation,Ghose-Crippen
0.9018580317497253,0.9729095101356506,0.871386706829071,0.001655255095101893,0.89300137758255,0.85724276304245,0.06805769354104996,0.9748227596282959,0.9909984469413757,0.9761237502098083,0.056729041039943695,0.9763889908790588,0.9745283722877502,0.9402056336402893,0.9825196862220764,0.9396408796310425,0.009653360582888126,0.9449228644371033,0.9350674152374268,2,test,Ghose-Crippen
0.9967989325523376,0.9998270869255066,0.9784711003303528,0.0002056145458482206,0.9719347953796387,0.9792688488960266,0.0015622995560988784,0.999991238117218,0.9999985694885254,0.9978908896446228,0.0010824574856087565,0.997384250164032,0.9988093376159668,0.9999224543571472,0.9999991059303284,0.9955230951309204,0.00027409117319621146,0.9940750002861023,0.9969593286514282,3,subtrain,Ghose-Crippen
0.9052972793579102,0.9739938378334045,0.8698766231536865,0.0015925479819998145,0.8928186893463135,0.8565638661384583,0.06409627199172974,0.9775903224945068,0.9919150471687317,0.9767608642578125,0.05410643666982651,0.9751725196838379,0.9763341546058655,0.9490047097206116,0.9844459295272827,0.9419816732406616,0.008370988070964813,0.9483964443206787,0.9382156729698181,3,validation,Ghose-Crippen
0.899959921836853,0.9725313782691956,0.8708137273788452,0.0016814859118312597,0.8880842924118042,0.8574334383010864,0.0694483071565628,0.9741945266723633,0.990875244140625,0.9747230410575867,0.058161213994026184,0.9737059473991394,0.9738296270370483,0.9406304359436035,0.9827078580856323,0.9378581643104553,0.009591622278094292,0.9423114061355591,0.9349402189254761,3,test,Ghose-Crippen
0.9951756596565247,0.9998244047164917,0.9739742875099182,0.00026090763276442885,0.9678951501846313,0.97110515832901,0.0018234458984807134,0.9999885559082031,0.999998152256012,0.9972342848777771,0.0012222732184454799,0.9972447156906128,0.9984123706817627,0.9998002648353577,0.9999783635139465,0.9946476221084595,0.00033993320539593697,0.9939687252044678,0.995667576789856,4,subtrain,Ghose-Crippen
0.9080475568771362,0.9761368036270142,0.8718662858009338,0.0015408411854878068,0.8950729966163635,0.8572449684143066,0.06547600775957108,0.9770493507385254,0.9923540353775024,0.9750099778175354,0.05556458607316017,0.9745339155197144,0.9753851294517517,0.9476114511489868,0.9852966070175171,0.9425387978553772,0.008615883067250252,0.9469502568244934,0.9382156729698181,4,validation,Ghose-Crippen
0.9009947776794434,0.9736020565032959,0.8694129586219788,0.001629998441785574,0.8895965814590454,0.8522214293479919,0.06791570037603378,0.9752618074417114,0.9914903044700623,0.9730676412582397,0.05699944496154785,0.9728751182556152,0.9728133082389832,0.943154513835907,0.9833168983459473,0.9377307891845703,0.009267939254641533,0.9424719214439392,0.9335410594940186,4,test,Ghose-Crippen
0.994285523891449,0.9995557069778442,0.971865177154541,0.0002753939770627767,0.9678022265434265,0.9663416743278503,0.0017462910618633032,0.9999499320983887,0.9999949336051941,0.9973934292793274,0.0011236922582611442,0.9974426031112671,0.998392641544342,0.9994834661483765,0.9998192191123962,0.9947072863578796,0.00034673657501116395,0.9936127662658691,0.9955084919929504,5,subtrain,Ghose-Crippen
0.9066064953804016,0.9755338430404663,0.8705133199691772,0.0015764295822009444,0.8951142430305481,0.8531468510627747,0.057857077568769455,0.9784820079803467,0.9924264550209045,0.9783525466918945,0.04798366129398346,0.9780621528625488,0.977440595626831,0.9499419927597046,0.98472660779953,0.9427775740623474,0.008324258960783482,0.9474530220031738,0.9375844597816467,5,validation,Ghose-Crippen
0.9010538458824158,0.9729675054550171,0.8694766163825989,0.0016414435813203454,0.8912609815597534,0.8517765402793884,0.06341244280338287,0.977173388004303,0.9916021227836609,0.975041389465332,0.05287216231226921,0.9743801355361938,0.9735755324363708,0.9463251829147339,0.9836223125457764,0.938367486000061,0.008927218616008759,0.9442126154899597,0.9353854060173035,5,test,Ghose-Crippen
0.995259165763855,0.9997454881668091,0.973755419254303,0.0002538432308938354,0.9688237309455872,0.970863401889801,0.0017429627478122711,0.999922513961792,0.9999749064445496,0.9975526332855225,0.0011995290406048298,0.9974411129951477,0.9980350732803345,0.9997988939285278,0.9999785423278809,0.9951848387718201,0.0002891909098252654,0.9946784377098083,0.9957263469696045,6,subtrain,Ghose-Crippen
0.9089382886886597,0.975678563117981,0.8736968040466309,0.0015366189181804657,0.8926185369491577,0.8593775033950806,0.06620507687330246,0.9752156138420105,0.9912030696868896,0.9761241674423218,0.05620140582323074,0.9760693311691284,0.9743650555610657,0.9489302039146423,0.9848169684410095,0.9425387978553772,0.00841001607477665,0.9478915929794312,0.9394565224647522,6,validation,Ghose-Crippen
0.905318558216095,0.9746912717819214,0.8727238178253174,0.0015779068926349282,0.8919525146484375,0.8594673871994019,0.06396087259054184,0.9759469628334045,0.991319477558136,0.9757417440414429,0.053588125854730606,0.9755678772926331,0.9739567041397095,0.9464218020439148,0.9842939972877502,0.9398319125175476,0.00877243559807539,0.9454288482666016,0.9365301728248596,6,test,Ghose-Crippen
0.9954961538314819,0.9997261166572571,0.9749890565872192,0.000237719010328874,0.9709635972976685,0.9716192483901978,0.0014391005970537663,0.9999597668647766,0.9999873042106628,0.9978113174438477,0.0009273823816329241,0.9974038600921631,0.999007523059845,0.9998095631599426,0.9999591112136841,0.9953837990760803,0.00027696453616954386,0.9947215914726257,0.9962834119796753,7,subtrain,Ghose-Crippen
0.897559404373169,0.9701111316680908,0.8643056154251099,0.001743532600812614,0.8894824981689453,0.8462516069412231,0.07555010169744492,0.9713685512542725,0.9900959134101868,0.9719856977462769,0.06386838108301163,0.9727048873901367,0.9726277589797974,0.939812958240509,0.9808533191680908,0.9346597790718079,0.009899476543068886,0.9425259828567505,0.930837094783783,7,validation,Ghose-Crippen
0.8971694707870483,0.970878541469574,0.8681395649909973,0.0017341814236715436,0.8905211091041565,0.8515222668647766,0.07310980558395386,0.9709903001785278,0.9897399544715881,0.9737043380737305,0.06149018555879593,0.9730639457702637,0.9729403257369995,0.9395431876182556,0.981259822845459,0.9362027049064636,0.009862242266535759,0.9440577626228333,0.9315695762634277,7,test,Ghose-Crippen
0.9920194149017334,0.9992945790290833,0.9664729833602905,0.0003318010421935469,0.9618499279022217,0.9621937274932861,0.0018866315949708223,0.9999890923500061,0.9999980926513672,0.9973138570785522,0.0011980307754129171,0.9972052574157715,0.9984520673751831,0.9996725916862488,0.9999973773956299,0.9946675300598145,0.0003563434293027967,0.9932791590690613,0.9957072138786316,8,subtrain,Ghose-Crippen
0.91075599193573,0.9767571687698364,0.8722642064094543,0.00152004009578377,0.8942906856536865,0.8553374409675598,0.062307246029376984,0.978611946105957,0.9923611879348755,0.9774771332740784,0.052698299288749695,0.9770416021347046,0.9765761494636536,0.9521899223327637,0.986273467540741,0.9451651573181152,0.008038575761020184,0.9485311508178711,0.9421960711479187,8,validation,Ghose-Crippen
0.9005405306816101,0.9741019010543823,0.8632369637489319,0.0016397670842707157,0.8853177428245544,0.8473908305168152,0.06670612096786499,0.9762388467788696,0.9916420578956604,0.975041389465332,0.056118037551641464,0.974028468132019,0.9743378162384033,0.9456072449684143,0.9842119812965393,0.9374760985374451,0.008926980197429657,0.941067099571228,0.9332866668701172,8,test,Ghose-Crippen
0.9966822266578674,0.9998172521591187,0.9781527519226074,0.00020410690922290087,0.9716258645057678,0.9778969287872314,0.0016399757005274296,0.9999376535415649,0.9999851584434509,0.997950553894043,0.0011457728687673807,0.9976794719696045,0.9983329176902771,0.9998015761375427,0.9999589920043945,0.995204746723175,0.0002896496735047549,0.99458247423172,0.9960253834724426,9,subtrain,Ghose-Crippen
0.9084838628768921,0.9752816557884216,0.8757660388946533,0.0015593221178278327,0.8943725824356079,0.8623291850090027,0.06390563398599625,0.9765485525131226,0.9915844798088074,0.9767608642578125,0.05357997491955757,0.9760127067565918,0.9755477905273438,0.9485486149787903,0.9848793745040894,0.9434938430786133,0.008715198375284672,0.9476594924926758,0.9401987791061401,9,validation,Ghose-Crippen
0.8965392112731934,0.9706629514694214,0.8697313070297241,0.0017327916575595737,0.8906415104866028,0.8577512502670288,0.0688071921467781,0.974740743637085,0.9907562136650085,0.9742773175239563,0.05712663754820824,0.9739318490028381,0.9730038642883301,0.9393535256385803,0.9816685914993286,0.9379854798316956,0.0099317142739892,0.9425472021102905,0.9337954521179199,9,test,Ghose-Crippen
0.9946519732475281,0.9998237490653992,0.9726610779762268,0.0002704698999878019,0.9668452143669128,0.9677284955978394,0.0017508493037894368,0.9999503493309021,0.9999949932098389,0.9978709816932678,0.0011277878656983376,0.9977383017539978,0.9980947375297546,0.9995649456977844,0.9999869465827942,0.99504554271698,0.0003521749749779701,0.9940881133079529,0.9958860278129578,0,subtrain,Laggner
0.9092559814453125,0.9758221507072449,0.8698766231536865,0.001519836368970573,0.8927591443061829,0.8530462980270386,0.06259623914957047,0.9758169651031494,0.9913821220397949,0.9761241674423218,0.052701424807310104,0.9764930009841919,0.9761829376220703,0.9496457576751709,0.9847608804702759,0.9412654042243958,0.008333790116012096,0.9449732303619385,0.9393385052680969,0,validation,Laggner
0.9023680686950684,0.9743649363517761,0.8664841651916504,0.0016136260237544775,0.8905512094497681,0.8512680530548096,0.06688036769628525,0.9748390913009644,0.990902304649353,0.9744046926498413,0.05619584769010544,0.9747616052627563,0.9739567041397095,0.944728434085846,0.9835483431816101,0.9372214674949646,0.00905769132077694,0.9438729882240295,0.9336682558059692,0,test,Laggner
0.9956254959106445,0.9998252987861633,0.9747104644775391,0.00024497369304299355,0.9686887860298157,0.972632646560669,0.0017813043668866158,0.9998583197593689,0.9999521970748901,0.9976521134376526,0.0011788789415732026,0.9976798892021179,0.9984917044639587,0.9995801448822021,0.9999476075172424,0.9948465824127197,0.0003569802502170205,0.9933597445487976,0.9960052371025085,1,subtrain,Laggner
0.9049043655395508,0.9732474088668823,0.8726621270179749,0.001594432396814227,0.8914626240730286,0.8558494448661804,0.06721636652946472,0.97581946849823,0.9912036061286926,0.9752486944198608,0.0570359081029892,0.9753596782684326,0.974275529384613,0.945647656917572,0.9833183884620667,0.9403899908065796,0.008826487697660923,0.9439334273338318,0.9383049607276917,1,validation,Laggner
0.9028512239456177,0.9736724495887756,0.8703043460845947,0.0016338767018169165,0.8916943669319153,0.8529841899871826,0.07071331143379211,0.9742369651794434,0.990737795829773,0.9728766083717346,0.059830017387866974,0.9734851121902466,0.9724957346916199,0.9425972700119019,0.9834707379341125,0.937412440776825,0.009232176467776299,0.9422447681427002,0.9337954521179199,1,test,Laggner
0.9898430109024048,0.999052107334137,0.9612599015235901,0.00038991551264189184,0.9578574895858765,0.9510664343833923,0.002068690489977598,0.99990314245224,0.9999734163284302,0.9972342848777771,0.001266753301024437,0.9977190494537354,0.9984121322631836,0.9996927380561829,0.9999677538871765,0.994209885597229,0.0004115480405744165,0.9927215576171875,0.9948524236679077,2,subtrain,Laggner
0.906109094619751,0.9758046269416809,0.8623955249786377,0.0015577113954350352,0.8939753174781799,0.8392246961593628,0.05600157007575035,0.9795137643814087,0.9926152229309082,0.9774771332740784,0.046185486018657684,0.9783783555030823,0.9767478704452515,0.9514491558074951,0.9861041903495789,0.940708339214325,0.008210177533328533,0.9469873905181885,0.9358454346656799,2,validation,Laggner
0.8982115387916565,0.9738360047340393,0.857952356338501,0.0016611329047009349,0.8837333917617798,0.8377296328544617,0.0654665157198906,0.9759868383407593,0.9912679195404053,0.9729402661323547,0.054953038692474365,0.9727977514266968,0.9722416400909424,0.9472475647926331,0.9847129583358765,0.9353750348091125,0.008836408145725727,0.9398139119148254,0.9315059781074524,2,test,Laggner
0.9928549528121948,0.9997614622116089,0.9673087000846863,0.0003287865547463298,0.9603027105331421,0.9626482129096985,0.0018733778269961476,0.9999303221702576,0.9999934434890747,0.9971944689750671,0.0011879077646881342,0.9971466660499573,0.9986505508422852,0.9996883273124695,0.9999973773956299,0.9949261546134949,0.0003566210507415235,0.9938124418258667,0.9959060549736023,3,subtrain,Laggner
0.9084984660148621,0.976867139339447,0.8675686717033386,0.0015049467328935862,0.8877440690994263,0.8490146398544312,0.06310463696718216,0.9784054160118103,0.9928545355796814,0.9763628840446472,0.05384887754917145,0.9745561480522156,0.9764136075973511,0.9541329145431519,0.9864240884780884,0.9416633248329163,0.007764092646539211,0.9456966519355774,0.9375,3,validation,Laggner
0.9009256362915039,0.9755838513374329,0.8631096482276917,0.0015893838135525584,0.8880936503410339,0.8438950181007385,0.06816984713077545,0.9755037426948547,0.9918683767318726,0.9735133051872253,0.058088842779397964,0.9725784063339233,0.9732579588890076,0.9483356475830078,0.9849978089332581,0.9367120862007141,0.008472991175949574,0.9428461194038391,0.9316331744194031,3,test,Laggner
0.9967186450958252,0.999896228313446,0.9770583510398865,0.00021417142124846578,0.9706752896308899,0.9768245220184326,0.0015391443157568574,0.9999256134033203,0.9999755024909973,0.9980500340461731,0.001026298850774765,0.9978972673416138,0.9983329772949219,0.9997761845588684,0.9999783039093018,0.9949460625648499,0.00029891557642258704,0.9943627119064331,0.9955682158470154,4,subtrain,Laggner
0.9093565344810486,0.9755163788795471,0.8758456110954285,0.0015579907922074199,0.8944504261016846,0.8616936802864075,0.06939853727817535,0.9766356945037842,0.992057204246521,0.9766016602516174,0.05953805893659592,0.9758787751197815,0.9765761494636536,0.949222981929779,0.985396146774292,0.9436529874801636,0.008666233159601688,0.946668803691864,0.9400445222854614,4,validation,Laggner
0.9039832949638367,0.9725709557533264,0.8746339082717896,0.0016331055667251348,0.8938392400741577,0.8594673871994019,0.07477109134197235,0.9730795621871948,0.9907346367835999,0.9745320081710815,0.06369856745004654,0.9738715887069702,0.9730674028396606,0.9435350298881531,0.9831421375274658,0.9402139186859131,0.009415698237717152,0.9449193477630615,0.9350038170814514,4,test,Laggner
0.9958033561706543,0.9998455047607422,0.9750089645385742,0.0002355596807319671,0.9703784584999084,0.9725173115730286,0.0015253874007612467,0.9999257922172546,0.9999754428863525,0.9979307055473328,0.00100217096041888,0.9977396726608276,0.9985514283180237,0.9998009204864502,0.9999687671661377,0.9949858784675598,0.0002872493932954967,0.9938730597496033,0.9961643218994141,5,subtrain,Laggner
0.9090872406959534,0.9754619598388672,0.871309220790863,0.0015501521993428469,0.8949461579322815,0.8583915829658508,0.06084510311484337,0.9788032174110413,0.9925252795219421,0.9777158498764038,0.05089349299669266,0.976814329624176,0.977202296257019,0.9509496688842773,0.9853291511535645,0.9425387978553772,0.008366377092897892,0.9488682150840759,0.9398902654647827,5,validation,Laggner
0.9044410586357117,0.9744071364402771,0.8718960881233215,0.001588889048434794,0.8913158178329468,0.8585139513015747,0.07102212309837341,0.973552405834198,0.9911685585975647,0.9738953113555908,0.060331329703330994,0.9739500880241394,0.973702609539032,0.9447274208068848,0.9839373826980591,0.9410416483879089,0.009083936922252178,0.9452142715454102,0.9370388984680176,5,test,Laggner
0.9945739507675171,0.999824047088623,0.9716264009475708,0.0002674879797268659,0.9636855721473694,0.9692744612693787,0.0016790850786492229,0.9999573826789856,0.9999868869781494,0.9978510737419128,0.0010791340610012412,0.9972254633903503,0.9987297058105469,0.9997085332870483,0.9999583959579468,0.9949659705162048,0.00033207013620994985,0.9929284453392029,0.9964021444320679,6,subtrain,Laggner
0.9056658744812012,0.974603533744812,0.870274543762207,0.0016049527330324054,0.8917086720466614,0.8565189838409424,0.07484112679958344,0.9749414324760437,0.9914812445640564,0.9741345047950745,0.06426950544118881,0.9740517139434814,0.9742063283920288,0.9473209977149963,0.9843670725822449,0.9412654042243958,0.008902138099074364,0.946422815322876,0.9375496506690979,6,validation,Laggner
0.9014608860015869,0.9734782576560974,0.8683942556381226,0.0016295703826472163,0.8858577013015747,0.8524121046066284,0.07151676714420319,0.9735375642776489,0.9908460378646851,0.9724946022033691,0.06082954257726669,0.9724304676055908,0.9723686575889587,0.946251392364502,0.9844730496406555,0.9378581643104553,0.00903436541557312,0.9427417516708374,0.9350674152374268,6,test,Laggner
0.988722026348114,0.9995262026786804,0.9568427205085754,0.00040689820889383554,0.953666090965271,0.9467339515686035,0.0019386172061786056,0.9999569654464722,0.9999868273735046,0.9976521134376526,0.0011456405045464635,0.9973634481430054,0.9986701011657715,0.999566912651062,0.9999275803565979,0.994229793548584,0.00039040963747538626,0.993904709815979,0.9949319362640381,7,subtrain,Laggner
0.8996610045433044,0.9751538038253784,0.8603262901306152,0.001650057383812964,0.8851231932640076,0.8358481526374817,0.06890542060136795,0.9751601219177246,0.9910805821418762,0.9748507738113403,0.058222007006406784,0.9758480787277222,0.974531888961792,0.9472939968109131,0.9838737845420837,0.9376840591430664,0.008994453586637974,0.9439929127693176,0.9325860738754272,7,validation,Laggner
0.8981603384017944,0.9747775197029114,0.8601807951927185,0.0016405675560235977,0.8816078901290894,0.8405898213386536,0.06552708894014359,0.9746881723403931,0.9908298254013062,0.9735133051872253,0.05504978820681572,0.9734282493591309,0.9726862907409668,0.9452807307243347,0.9835134744644165,0.9370304346084595,0.008826998062431812,0.9424372911453247,0.933986246585846,7,test,Laggner
0.9941002726554871,0.9998227953910828,0.9687811136245728,0.00028820798615925014,0.9654239416122437,0.9635836482048035,0.0017104841535910964,0.9999904632568359,0.9999983906745911,0.9977117776870728,0.0010641193948686123,0.9976003766059875,0.9983131289482117,0.9996959567070007,0.9999483227729797,0.9944685697555542,0.0003577286843210459,0.9936123490333557,0.9954488277435303,8,subtrain,Laggner
0.9152806401252747,0.9771291017532349,0.8761639595031738,0.0014580804854631424,0.9008526802062988,0.856529712677002,0.06210101395845413,0.9775447845458984,0.9922831058502197,0.9781934022903442,0.05255039036273956,0.9780743718147278,0.9776083827018738,0.9514549374580383,0.9859236478805542,0.9446080327033997,0.008109387941658497,0.9482800364494324,0.9402878284454346,8,validation,Laggner
0.9062130451202393,0.9751988053321838,0.8710683584213257,0.0015632705762982368,0.8915742635726929,0.8534926772117615,0.06775597482919693,0.9760956168174744,0.9916952848434448,0.9745957255363464,0.05701567232608795,0.9743459224700928,0.9746553897857666,0.9460067749023438,0.9845061302185059,0.9397682547569275,0.009157001972198486,0.943381667137146,0.9346222281455994,8,test,Laggner
0.9967437386512756,0.9999361038208008,0.9777746796607971,0.000211146121728234,0.9706850051879883,0.9784728288650513,0.0015241079963743687,0.9999593496322632,0.9999872446060181,0.998129665851593,0.0010168383596464992,0.9973845481872559,0.9990077018737793,0.9997048377990723,0.9999878406524658,0.9952644109725952,0.0002957114775199443,0.9942903518676758,0.9967010617256165,9,subtrain,Laggner
0.9086481332778931,0.9755123853683472,0.8758456110954285,0.001553298905491829,0.8966346383094788,0.8593104481697083,0.07545051723718643,0.9743871092796326,0.9910862445831299,0.9754078984260559,0.06494072824716568,0.9747238159179688,0.973563015460968,0.9476126432418823,0.9852988123893738,0.9421408772468567,0.008915298618376255,0.9462710618972778,0.9383698105812073,9,validation,Laggner
0.9035059213638306,0.9738357067108154,0.8699859976768494,0.0016241725534200668,0.8887423276901245,0.8565436005592346,0.07294435054063797,0.972617506980896,0.9906076788902283,0.9734496474266052,0.06157991290092468,0.9728906154632568,0.9733849763870239,0.9400748014450073,0.9831458926200867,0.9379218220710754,0.009721053764224052,0.9415040016174316,0.9355762004852295,9,test,Laggner
0.995686411857605,0.999875009059906,0.9742130637168884,0.00024215507437475026,0.9658726453781128,0.9751757383346558,0.0016562376404181123,0.9998598694801331,0.9999523758888245,0.997950553894043,0.0011123702861368656,0.9973648190498352,0.9990275502204895,0.9997406005859375,0.9999881386756897,0.9952644109725952,0.00030129082733765244,0.9940142035484314,0.9967207312583923,0,subtrain,Molecular Quantum Numbers
0.9078266024589539,0.9758275747299194,0.8735376000404358,0.0015585484215989709,0.8888158798217773,0.85979825258255,0.06625904142856598,0.9751501083374023,0.9911404848098755,0.9742140769958496,0.056058868765830994,0.9731894731521606,0.9740393757820129,0.9480834007263184,0.9841607809066772,0.9418225288391113,0.008595360442996025,0.9445642828941345,0.9401335716247559,0,validation,Molecular Quantum Numbers
0.900051474571228,0.9739245772361755,0.8676939010620117,0.0016512505244463682,0.8871628642082214,0.8530477285385132,0.07255500555038452,0.9729008674621582,0.990531325340271,0.9718579053878784,0.06158146262168884,0.971403181552887,0.9709712266921997,0.942425549030304,0.9829027652740479,0.9377307891845703,0.009305356070399284,0.9413764476776123,0.9334138631820679,0,test,Molecular Quantum Numbers
0.9882907867431641,0.9997532963752747,0.9540769457817078,0.00041674033855088055,0.9529135227203369,0.9425047636032104,0.0017157536931335926,0.9999591708183289,0.9999870657920837,0.9978709816932678,0.0009714397601783276,0.9979764819145203,0.9983726143836975,0.9997243881225586,0.9999681115150452,0.9949261546134949,0.00032714265398681164,0.9944627285003662,0.9958462715148926,1,subtrain,Molecular Quantum Numbers
0.9023245573043823,0.9764260649681091,0.8640668392181396,0.0015798176173120737,0.8896979093551636,0.8443332314491272,0.07023846358060837,0.9729723334312439,0.9903574585914612,0.9735773801803589,0.06031401455402374,0.97384113073349,0.9724493622779846,0.9477771520614624,0.9845845699310303,0.9400716423988342,0.008497209288179874,0.9458593726158142,0.9389410018920898,1,validation,Molecular Quantum Numbers
0.9030158519744873,0.9763704538345337,0.8624092936515808,0.0015894544776529074,0.8866172432899475,0.8434500694274902,0.06891792267560959,0.9739747047424316,0.9907387495040894,0.9726855754852295,0.05872657522559166,0.9740599393844604,0.9707806706428528,0.9493064284324646,0.9847352504730225,0.9394499063491821,0.008579530753195286,0.9440092444419861,0.9350038170814514,1,test,Molecular Quantum Numbers
0.9909605383872986,0.9997876882553101,0.9614588618278503,0.00036500682472251356,0.9565702080726624,0.9540056586265564,0.0017629654612392187,0.9999057650566101,0.9999738335609436,0.9981893301010132,0.0010949866846203804,0.997778594493866,0.9984915256500244,0.9997564554214478,0.999978244304657,0.9957419633865356,0.00030262398649938405,0.9954313635826111,0.9959852695465088,2,subtrain,Molecular Quantum Numbers
0.9144293665885925,0.9791455268859863,0.8697970509529114,0.0014432804891839623,0.8884017467498779,0.8530462980270386,0.06608155369758606,0.9766632318496704,0.9919195175170898,0.9757262468338013,0.05674801021814346,0.9753350615501404,0.9759542942047119,0.9541333913803101,0.9864071607589722,0.9454038739204407,0.007832885719835758,0.949042558670044,0.9416487812995911,2,validation,Molecular Quantum Numbers
0.9101663827896118,0.9784231185913086,0.8701770305633545,0.001482253661379218,0.8870882391929626,0.8524121046066284,0.06861874461174011,0.9761932492256165,0.9919555187225342,0.9745957255363464,0.05925067141652107,0.9748998880386353,0.9745283722877502,0.9515041708946228,0.9858632683753967,0.9435884356498718,0.0078653609380126,0.9494800567626953,0.9406639337539673,2,test,Molecular Quantum Numbers
0.991275429725647,0.9998085498809814,0.9614389538764954,0.0003563220670912415,0.9561673998832703,0.955142080783844,0.001671016332693398,0.9999721050262451,0.9999969601631165,0.9975327253341675,0.001028575818054378,0.9976603984832764,0.9985513091087341,0.999820351600647,0.9999885559082031,0.9956026673316956,0.0002860763343051076,0.9948204755783081,0.9962637424468994,3,subtrain,Molecular Quantum Numbers
0.9107890129089355,0.978102445602417,0.8686032891273499,0.0014942171983420849,0.8862547278404236,0.8525906205177307,0.06321676820516586,0.9773101806640625,0.992137610912323,0.9744528532028198,0.053936030715703964,0.9738805890083313,0.9741899371147156,0.9537509083747864,0.9862433075904846,0.9427775740623474,0.007921159267425537,0.9471150040626526,0.9384542107582092,3,validation,Molecular Quantum Numbers
0.903305172920227,0.9761297702789307,0.864319384098053,0.0015739742666482925,0.882166862487793,0.8508231043815613,0.06595727056264877,0.9745776057243347,0.9908797144889832,0.9742773175239563,0.0560428649187088,0.9746867418289185,0.9734485149383545,0.9499943256378174,0.9848756790161133,0.9425697326660156,0.008318545296788216,0.946235179901123,0.9390740394592285,3,test,Molecular Quantum Numbers
0.9958995580673218,0.9998652935028076,0.9755262732505798,0.00023248812067322433,0.9687055945396423,0.9749578237533569,0.0014058121014386415,0.9999932050704956,0.999998927116394,0.997950553894043,0.0008829031721688807,0.9977989792823792,0.9986306428909302,0.9997796416282654,0.9999588131904602,0.9948863983154297,0.0002900503750424832,0.9945816397666931,0.9958861470222473,4,subtrain,Molecular Quantum Numbers
0.9101169109344482,0.9759532809257507,0.8779148459434509,0.0015526051865890622,0.8946544528007507,0.8628852963447571,0.0762663185596466,0.9744732975959778,0.9913060069084167,0.9747712016105652,0.06627410650253296,0.9742001891136169,0.9744322896003723,0.9475570321083069,0.9846788644790649,0.945722222328186,0.008793981745839119,0.9482744932174683,0.9417144060134888,4,validation,Molecular Quantum Numbers
0.9048643112182617,0.9752362370491028,0.8736152052879333,0.0015912266680970788,0.8916282057762146,0.8597216010093689,0.07246159017086029,0.9739922285079956,0.9908950924873352,0.9746593832969666,0.06219067424535751,0.974021852016449,0.9740837216377258,0.9474989175796509,0.9851188659667969,0.9425697326660156,0.008684717118740082,0.9468453526496887,0.9391376376152039,4,test,Molecular Quantum Numbers
0.9948796629905701,0.9998837113380432,0.9716662168502808,0.00026485114358365536,0.9654415845870972,0.9696975946426392,0.0014977501705288887,0.9999926686286926,0.9999987483024597,0.998109757900238,0.0009311120375059545,0.9974634647369385,0.9988292455673218,0.9997177720069885,0.9999977946281433,0.9953241348266602,0.0003014001122210175,0.9945247769355774,0.996343195438385,5,subtrain,Molecular Quantum Numbers
0.9110054969787598,0.9770132899284363,0.8756864070892334,0.0015229255659505725,0.8958384990692139,0.860457718372345,0.06220643222332001,0.9771504402160645,0.9917107224464417,0.9769200086593628,0.05254431813955307,0.9766295552253723,0.9759313464164734,0.9515994191169739,0.9853362441062927,0.9461997747421265,0.008086303249001503,0.9508985877037048,0.9423550963401794,5,validation,Molecular Quantum Numbers
0.9065417051315308,0.9748837351799011,0.8720871210098267,0.001582692377269268,0.8907407522201538,0.8560351133346558,0.07101910561323166,0.9744998216629028,0.990794837474823,0.9751050472259521,0.06080034747719765,0.9742661118507385,0.9739567041397095,0.9476612210273743,0.9842056035995483,0.9424423575401306,0.008614723570644855,0.9473244547843933,0.937865674495697,5,test,Molecular Quantum Numbers
0.9959506988525391,0.9998556971549988,0.9746508002281189,0.00022565950348507613,0.9725828766822815,0.9715783596038818,0.0013512775767594576,0.9999926090240479,0.9999986886978149,0.9978709816932678,0.0008925999281927943,0.9980354905128479,0.9982732534408569,0.9999156594276428,0.9999991059303284,0.9956026673316956,0.0002326641115359962,0.9960035085678101,0.9957263469696045,6,subtrain,Molecular Quantum Numbers
0.9123227000236511,0.976132333278656,0.8818941712379456,0.0015034080715849996,0.8980865478515625,0.8683500289916992,0.06404442340135574,0.9768190979957581,0.9915539026260376,0.9766812324523926,0.05459554120898247,0.9766443967819214,0.9757142663002014,0.9511594772338867,0.9854744076728821,0.9503382444381714,0.007890477776527405,0.9553328156471252,0.946527898311615,6,validation,Molecular Quantum Numbers
0.9068664312362671,0.9744532108306885,0.8774353861808777,0.001563386176712811,0.8968060612678528,0.8655691742897034,0.06508972495794296,0.9746888279914856,0.9908791780471802,0.9755507707595825,0.05509962886571884,0.9757741689682007,0.9747824668884277,0.947756290435791,0.9845065474510193,0.9467719197273254,0.00840294174849987,0.9513368010520935,0.9436529874801636,6,test,Molecular Quantum Numbers
0.996502697467804,0.9999257326126099,0.977715015411377,0.00021649930567946285,0.9726060032844543,0.9759091138839722,0.0013579861260950565,0.9999933242797852,0.9999988079071045,0.9982490539550781,0.0008850131998769939,0.9979170560836792,0.9985311627388,0.9999080896377563,0.9999991059303284,0.9954236149787903,0.0002572041121311486,0.9954124093055725,0.9961641430854797,7,subtrain,Molecular Quantum Numbers
0.9051547050476074,0.974523663520813,0.8729009032249451,0.0016185602871701121,0.8935250639915466,0.8537166714668274,0.07078035920858383,0.9738286137580872,0.9907875657081604,0.9731794595718384,0.06031188741326332,0.9737970232963562,0.9730244278907776,0.947924792766571,0.9840537905693054,0.9429367184638977,0.008878249675035477,0.9486643075942993,0.9372764229774475,7,validation,Molecular Quantum Numbers
0.9048160910606384,0.974346935749054,0.8713230490684509,0.0016068103723227978,0.894031822681427,0.8569249510765076,0.0716434195637703,0.9738508462905884,0.9908297657966614,0.9712212085723877,0.061028048396110535,0.9720613360404968,0.970209002494812,0.9454531073570251,0.9840034246444702,0.9385585188865662,0.008995315991342068,0.9450584650039673,0.9353218078613281,7,test,Molecular Quantum Numbers
0.9943461418151855,0.9999025464057922,0.9697958827018738,0.0002873556222766638,0.9600542187690735,0.9701957702636719,0.0014357729814946651,0.9999936819076538,0.999998927116394,0.998129665851593,0.0008699858444742858,0.9979771375656128,0.9986504912376404,0.9998816847801208,0.9999988675117493,0.9956026673316956,0.00027809798484668136,0.9950968027114868,0.9962438344955444,8,subtrain,Molecular Quantum Numbers
0.9137659072875977,0.976885199546814,0.8776760697364807,0.0014762200880795717,0.8908913135528564,0.868372917175293,0.0628887340426445,0.9768199920654297,0.9918583631515503,0.9760445952415466,0.05354984477162361,0.9760826230049133,0.9753851294517517,0.9528348445892334,0.9853001832962036,0.9467568397521973,0.007899842225015163,0.9505371451377869,0.9427526593208313,8,validation,Molecular Quantum Numbers
0.9037550687789917,0.9749674201011658,0.8683305978775024,0.0016134845791384578,0.8839221596717834,0.8571791648864746,0.0678282305598259,0.974592387676239,0.9909989237785339,0.9747866988182068,0.05743091180920601,0.9737727642059326,0.9740201830863953,0.9460124373435974,0.9834367036819458,0.9406596422195435,0.008765870705246925,0.9449217915534973,0.9372296929359436,8,test,Molecular Quantum Numbers
0.9970015287399292,0.9999364614486694,0.9780731201171875,0.0002008278388530016,0.9711083769798279,0.9792274832725525,0.0013643497368320823,0.9999929666519165,0.9999988079071045,0.9976521134376526,0.0009114566491916776,0.9976410865783691,0.9988290667533875,0.9997581243515015,0.9999884366989136,0.9957618713378906,0.0002516991226002574,0.9957109689712524,0.9965420365333557,9,subtrain,Molecular Quantum Numbers
0.9111504554748535,0.9754446744918823,0.8812574744224548,0.001565631595440209,0.8984458446502686,0.8679695129394531,0.07061648368835449,0.9739644527435303,0.990725040435791,0.972861111164093,0.060289740562438965,0.9733375906944275,0.9738011956214905,0.9498410224914551,0.9850481748580933,0.9433346390724182,0.008703384548425674,0.9486048817634583,0.9408349990844727,9,validation,Molecular Quantum Numbers
0.9031885862350464,0.9725759625434875,0.8741881847381592,0.0016555802430957556,0.8907078504562378,0.8645521998405457,0.07264311611652374,0.9730160236358643,0.9904143214225769,0.97319495677948,0.06147991493344307,0.9730759263038635,0.9733849763870239,0.9429994225502014,0.9827666878700256,0.9405959248542786,0.009489440359175205,0.9456375241279602,0.9381200671195984,9,test,Molecular Quantum Numbers
0.995024561882019,0.9988929629325867,0.9783915281295776,0.00024612218840047717,0.9732861518859863,0.977519154548645,0.0013584791449829936,0.9999608397483826,0.9999875426292419,0.9978709816932678,0.0008680888568051159,0.9980957508087158,0.9986107349395752,0.99970942735672,0.9999682903289795,0.9965179562568665,0.00024390988983213902,0.9957529306411743,0.9971778392791748,0,subtrain,PubChem
0.9129939079284668,0.9763960838317871,0.8808595538139343,0.0015027682529762387,0.8963815569877625,0.8658352494239807,0.06009121611714363,0.9773094654083252,0.9921814203262329,0.9762833118438721,0.051063135266304016,0.9767183065414429,0.975865364074707,0.9552390575408936,0.9869399666786194,0.9506565928459167,0.007558007724583149,0.9539225697517395,0.9464143514633179,0,validation,PubChem
0.9057111740112305,0.9743192195892334,0.8756526112556458,0.0016200859099626541,0.8932121992111206,0.8623275756835938,0.06799916177988052,0.9744541645050049,0.9912424087524414,0.9744683504104614,0.05780189484357834,0.9741894602775574,0.9733849763870239,0.9473795294761658,0.9845911264419556,0.9457532167434692,0.008556146174669266,0.9493881464004517,0.9424446821212769,0,test,PubChem
0.9985295534133911,0.9999287128448486,0.9854749441146851,0.00013950605352874845,0.9811999797821045,0.9857403635978699,0.0010950980940833688,0.9999956488609314,0.9999991655349731,0.9982490539550781,0.0007636387599632144,0.9981755614280701,0.9989481568336487,0.9998950362205505,0.9999794960021973,0.997055172920227,0.00019165503908880055,0.9966628551483154,0.9971778392791748,1,subtrain,PubChem
0.9116371870040894,0.974628210067749,0.8834062814712524,0.0015615351730957627,0.9028732180595398,0.8660154342651367,0.06365518271923065,0.9766536355018616,0.991672933101654,0.9769200086593628,0.05410483106970787,0.9766443967819214,0.9761016368865967,0.9517202377319336,0.9856247901916504,0.9504178166389465,0.008061705157160759,0.9535797238349915,0.9456193447113037,1,validation,PubChem
0.9072428345680237,0.9728463888168335,0.8816375732421875,0.001602587872184813,0.901485025882721,0.8642979860305786,0.068801648914814,0.9751515984535217,0.9911943078041077,0.9749140739440918,0.05845675989985466,0.9745660424232483,0.9735755324363708,0.9474275708198547,0.9838438034057617,0.9465809464454651,0.008725267834961414,0.9507933259010315,0.9412999153137207,1,test,PubChem
0.9978811740875244,0.999927818775177,0.9825500249862671,0.00017400202341377735,0.9746618866920471,0.984688401222229,0.0011178830172866583,0.9999957084655762,0.9999992251396179,0.9984081983566284,0.0007482434739358723,0.9985514283180237,0.9988090991973877,0.9999154210090637,0.9999796152114868,0.9968164563179016,0.00019535946194082499,0.9963470101356506,0.9974361658096313,2,subtrain,PubChem
0.9160953760147095,0.9775127172470093,0.88133704662323,0.001438956125639379,0.8994234204292297,0.8673444986343384,0.05685604736208916,0.9790484309196472,0.9925854206085205,0.9784321784973145,0.04754338413476944,0.9789431691169739,0.9777001738548279,0.9521310329437256,0.9864886403083801,0.9491444230079651,0.007826595567166805,0.9542646408081055,0.9454646706581116,2,validation,PubChem
0.9090733528137207,0.9753100275993347,0.8784540891647339,0.001523568294942379,0.8967064619064331,0.8635352253913879,0.06657876074314117,0.975944995880127,0.9915417432785034,0.9753597378730774,0.056743323802948,0.9756361246109009,0.9742107391357422,0.9504824876785278,0.9852722883224487,0.9466446042060852,0.00829349085688591,0.9505064487457275,0.9428898692131042,2,test,PubChem
0.9952214360237122,0.9997850060462952,0.9735763669013977,0.00025509195984341204,0.9698697924613953,0.9690223932266235,0.0013453175779432058,0.9999812245368958,0.9999890327453613,0.997950553894043,0.0008584512979723513,0.9983137249946594,0.998630702495575,0.9996606707572937,0.9999092817306519,0.9967368245124817,0.00023159157717600465,0.9961885213851929,0.9972971677780151,3,subtrain,PubChem
0.9176837205886841,0.9783305525779724,0.8800636529922485,0.001407246571034193,0.8979981541633606,0.8591067790985107,0.05943189561367035,0.9781731963157654,0.9922600388526917,0.9776362776756287,0.05085716024041176,0.9778254628181458,0.977048933506012,0.9578393697738647,0.9867984652519226,0.9516116380691528,0.0071364217437803745,0.9555056095123291,0.9460082650184631,3,validation,PubChem
0.9086485505104065,0.9754919409751892,0.8780084252357483,0.0015145507641136646,0.8984120488166809,0.8594673871994019,0.06958778947591782,0.9741294384002686,0.9906859993934631,0.9754870533943176,0.05984455347061157,0.9756423234939575,0.9744648337364197,0.9495934247970581,0.9846071600914001,0.9466446042060852,0.008209752850234509,0.9534958600997925,0.9427626729011536,3,test,PubChem
0.9973196983337402,0.9998180866241455,0.9812766313552856,0.000181083771167323,0.9758450984954834,0.9820077419281006,0.0010761996963992715,0.9999958872795105,0.9999992847442627,0.9979903697967529,0.0007068993872962892,0.9985515475273132,0.9987497329711914,0.9998400211334229,0.9999792575836182,0.9968761205673218,0.00018794488278217614,0.9966052174568176,0.997654914855957,4,subtrain,PubChem
0.9119311571121216,0.9764794111251831,0.8800636529922485,0.001509243156760931,0.9011498093605042,0.8654273748397827,0.06113464757800102,0.9764882326126099,0.9914848804473877,0.9763628840446472,0.0522531121969223,0.9764537215232849,0.9746704697608948,0.9533066749572754,0.9863426089286804,0.9525666236877441,0.007686899974942207,0.9546219706535339,0.9468034505844116,4,validation,PubChem
0.9052428603172302,0.9737210869789124,0.8781993985176086,0.0016193356132134795,0.8974494338035583,0.8632810115814209,0.06918895244598389,0.9735886454582214,0.9906669855117798,0.9741500020027161,0.05880345031619072,0.9744225740432739,0.9728133082389832,0.9463686347007751,0.9843379855155945,0.9457532167434692,0.008754358626902103,0.9515817761421204,0.94117271900177,4,test,PubChem
0.9944005608558655,0.9998531341552734,0.9721835255622864,0.0002897858212236315,0.9626597762107849,0.9691018462181091,0.0014680837048217654,0.9999545216560364,0.9999958276748657,0.9977715015411377,0.0008960086852312088,0.9979384541511536,0.9989879727363586,0.9998278021812439,0.9999985098838806,0.9962195158004761,0.00028192164609208703,0.9946093559265137,0.9973965287208557,5,subtrain,PubChem
0.9138465523719788,0.9790277481079102,0.8752089142799377,0.001429216586984694,0.8960232138633728,0.8594246506690979,0.05236790329217911,0.9802454113960266,0.993407130241394,0.9766812324523926,0.043828148394823074,0.9772005081176758,0.9771229028701782,0.9572521448135376,0.9872899055480957,0.9488260746002197,0.007143327500671148,0.9513638615608215,0.9456149935722351,5,validation,PubChem
0.9085749387741089,0.9777619242668152,0.8717687726020813,0.0014987903414294124,0.8903764486312866,0.8538740277290344,0.06148719787597656,0.9766894578933716,0.9920364618301392,0.974086344242096,0.052169639617204666,0.974125862121582,0.9733214974403381,0.953061580657959,0.9863075613975525,0.9440340995788574,0.007800719700753689,0.9471157193183899,0.940791130065918,5,test,PubChem
0.9967223405838013,0.9998666048049927,0.9774364233016968,0.0002100849524140358,0.9747660160064697,0.9743788242340088,0.001227178261615336,0.9999942183494568,0.9999990463256836,0.9980898499488831,0.0008187705534510314,0.9982934594154358,0.9985113739967346,0.9998521208763123,0.9999988079071045,0.9967567324638367,0.0001980931410798803,0.996601939201355,0.9968991279602051,6,subtrain,PubChem
0.9113659858703613,0.9753745198249817,0.8803024291992188,0.0015203908551484346,0.9007121324539185,0.8636652231216431,0.06141568720340729,0.9756221175193787,0.9913381338119507,0.9751691222190857,0.051672324538230896,0.9760940074920654,0.9753968119621277,0.9501874446868896,0.9845632910728455,0.9481894373893738,0.008177746087312698,0.9548236727714539,0.9420784711837769,6,validation,PubChem
0.9051452875137329,0.9736539721488953,0.8744428753852844,0.0015987042570486665,0.8998133540153503,0.8580054640769958,0.06823674589395523,0.9733058214187622,0.9903286695480347,0.9743410348892212,0.05785780027508736,0.9742497205734253,0.9733214974403381,0.944656491279602,0.983039140701294,0.9452438354492188,0.008761594071984291,0.9522737264633179,0.9415543079376221,6,test,PubChem
0.9934874773025513,0.9993157982826233,0.968800961971283,0.00030523986788466573,0.9705474376678467,0.9594447016716003,0.0011930580949410796,0.9999958872795105,0.9999992251396179,0.9985674023628235,0.0007031142013147473,0.9985315799713135,0.9988487362861633,0.9998751878738403,0.999998927116394,0.9967965483665466,0.00018596681184135377,0.9965845942497253,0.9974759221076965,7,subtrain,PubChem
0.9064684510231018,0.9745528697967529,0.8715479373931885,0.001586874364875257,0.9010738134384155,0.846331000328064,0.06566649675369263,0.9746350646018982,0.9909719824790955,0.9751691222190857,0.05578744411468506,0.9751587510108948,0.974849283695221,0.9483442902565002,0.9841850996017456,0.9447672367095947,0.008277003653347492,0.9531174302101135,0.9406152963638306,7,validation,PubChem
0.9015463590621948,0.9729652404785156,0.8694766163825989,0.0016284654848277569,0.899060845375061,0.845801830291748,0.06250040978193283,0.9752271771430969,0.9911412596702576,0.9738953113555908,0.05221979692578316,0.9735137224197388,0.9735755324363708,0.945997953414917,0.9833903908729553,0.9428244233131409,0.008645588532090187,0.9481253027915955,0.9392012357711792,7,test,PubChem
0.9946145415306091,0.9997540712356567,0.9719447493553162,0.00027578751905821264,0.9679585099220276,0.9675549268722534,0.001338483765721321,0.9999613761901855,0.9999874234199524,0.997970461845398,0.0008458069059997797,0.9979972243309021,0.998809278011322,0.9998149871826172,0.9999396800994873,0.9964781999588013,0.0002166230115108192,0.996147632598877,0.9969791769981384,8,subtrain,PubChem
0.9164385795593262,0.9787524938583374,0.8783923387527466,0.001434233970940113,0.8964034914970398,0.8617756962776184,0.060292746871709824,0.9770393967628479,0.991884708404541,0.9762037396430969,0.05144370347261429,0.9773359894752502,0.9758615493774414,0.9564058780670166,0.9874986410140991,0.9514524340629578,0.007368350401520729,0.9528800249099731,0.9470462203025818,8,validation,PubChem
0.90706467628479,0.9763979315757751,0.8688399195671082,0.001537034404464066,0.8928145170211792,0.8560986518859863,0.06682735681533813,0.9743443727493286,0.990983247756958,0.974086344242096,0.05698246508836746,0.9741910696029663,0.9734485149383545,0.9500307440757751,0.985392689704895,0.9452438354492188,0.008287478238344193,0.9502535462379456,0.9414907097816467,8,test,PubChem
0.9947145581245422,0.9989317059516907,0.974770188331604,0.00026989742764271796,0.972015917301178,0.9719193577766418,0.0013309621717780828,0.9999938607215881,0.999998927116394,0.998149573802948,0.0008586154435761273,0.9980166554450989,0.9986702799797058,0.9998911619186401,0.9999991059303284,0.9964184761047363,0.0002020869724219665,0.996148943901062,0.9972773790359497,9,subtrain,PubChem
0.9180699586868286,0.9787768125534058,0.884759247303009,0.001390904071740806,0.9057730436325073,0.8674928545951843,0.058612849563360214,0.9783264994621277,0.9929770231246948,0.9773179292678833,0.050411831587553024,0.9769713282585144,0.9767386317253113,0.9600644111633301,0.9885451197624207,0.9533625245094299,0.006760094780474901,0.9564102292060852,0.9491848945617676,9,validation,PubChem
0.9127316474914551,0.9763550758361816,0.8802368640899658,0.0014675288693979383,0.9048922061920166,0.8617555499076843,0.06577755510807037,0.9763985872268677,0.9919713139533997,0.9755507707595825,0.056734055280685425,0.9759679436683655,0.975100040435791,0.9545350670814514,0.9863705635070801,0.9481090307235718,0.00755507405847311,0.9530929327011108,0.9446069598197937,9,test,PubChem
0.9971131086349487,0.9999167919158936,0.9802419543266296,0.0002025966823566705,0.9723037481307983,0.9802399277687073,0.0011093304492533207,0.9999958872795105,0.9999994039535522,0.9983286261558533,0.0007166232680901885,0.9981956481933594,0.9991267323493958,0.9997829794883728,0.9999886155128479,0.9971745610237122,0.00018982603796757758,0.9967647194862366,0.9980722069740295,0,subtrain,Van Der Waals Surface Area
0.9137158989906311,0.9768329858779907,0.8798249363899231,0.001468069851398468,0.8935700058937073,0.867662250995636,0.06511851400136948,0.9765834808349609,0.9917022585868835,0.9758853912353516,0.055759403854608536,0.9754547476768494,0.9749126434326172,0.9530084133148193,0.9863360524177551,0.9483485817909241,0.007881078869104385,0.9519653916358948,0.9453808069229126,0,validation,Van Der Waals Surface Area
0.9087638258934021,0.9747999906539917,0.8792181611061096,0.0015325344866141677,0.896067202091217,0.8674759864807129,0.06970462948083878,0.9745199680328369,0.9910882711410522,0.9751687049865723,0.05975702777504921,0.9753180742263794,0.9738931655883789,0.9494696855545044,0.9849520921707153,0.9466446042060852,0.008402909152209759,0.9512789249420166,0.9437165856361389,0,test,Van Der Waals Surface Area
0.9954030513763428,0.9997655749320984,0.9744518399238586,0.0002518336405046284,0.9683752059936523,0.9717985391616821,0.0012677701888605952,0.9999812841415405,0.9999891519546509,0.9979903697967529,0.0008351713768206537,0.9980761408805847,0.9986901879310608,0.999916672706604,0.9999994039535522,0.997075080871582,0.0001804316125344485,0.9967638254165649,0.9977939128875732,1,subtrain,Van Der Waals Surface Area
0.9158289432525635,0.9773101806640625,0.8786311149597168,0.001442660461179912,0.901437520980835,0.8665713667869568,0.06736565381288528,0.975949227809906,0.9913321733474731,0.9757262468338013,0.058583203703165054,0.9763628840446472,0.9740372896194458,0.9547980427742004,0.9866258502006531,0.9497811198234558,0.007553094998002052,0.9555680751800537,0.9455398321151733,1,validation,Van Der Waals Surface Area
0.9130299091339111,0.9760375022888184,0.8797274827957153,0.001481036888435483,0.8957099914550781,0.865251362323761,0.06682410091161728,0.9758158922195435,0.991588294506073,0.9747866988182068,0.0574786402285099,0.9755011200904846,0.9737660884857178,0.9527885913848877,0.985575258731842,0.9493187069892883,0.007857000455260277,0.9550619721412659,0.9461333155632019,1,test,Van Der Waals Surface Area
0.9967300891876221,0.9998066425323486,0.976640522480011,0.00022298286785371602,0.9768584966659546,0.9707669615745544,0.0008310718694701791,0.999997615814209,0.9999996423721313,0.9985275864601135,0.000492274179123342,0.9989480972290039,0.9989877343177795,0.9999312162399292,0.9999897480010986,0.9977715015411377,0.00011561127757886425,0.9980917572975159,0.9979528784751892,2,subtrain,Van Der Waals Surface Area
0.9073336124420166,0.9746389389038086,0.8734580278396606,0.0015861818101257086,0.8986791372299194,0.8539201021194458,0.06903202831745148,0.9732521176338196,0.9900872707366943,0.9738161563873291,0.058743856847286224,0.9741044044494629,0.9731767177581787,0.9480568766593933,0.9836016893386841,0.9476323127746582,0.008641940541565418,0.9526484608650208,0.9436362385749817,2,validation,Van Der Waals Surface Area
0.9008347988128662,0.9718011617660522,0.8712593913078308,0.0017001114320009947,0.8957917094230652,0.8550816774368286,0.07693032175302505,0.9698439240455627,0.9891982674598694,0.9725582599639893,0.06562643498182297,0.972892165184021,0.9711617827415466,0.9417436718940735,0.9817648530006409,0.9438431262969971,0.009592296555638313,0.9499935507774353,0.9387560486793518,2,test,Van Der Waals Surface Area
0.9955742359161377,0.9997361302375793,0.9765012264251709,0.00024193614081013948,0.970173180103302,0.9733712077140808,0.001199764315970242,0.9999956488609314,0.9999992847442627,0.998109757900238,0.0007484026718884706,0.9982746243476868,0.9989283680915833,0.9996824860572815,0.9999780654907227,0.9973934292793274,0.00020938424859195948,0.9966267347335815,0.9981716275215149,3,subtrain,Van Der Waals Surface Area
0.9133807420730591,0.9764598608016968,0.8774373531341553,0.0014917729422450066,0.8960297703742981,0.8608550429344177,0.06431767344474792,0.977117657661438,0.9915943145751953,0.9747712016105652,0.05524074286222458,0.9742612242698669,0.9739516973495483,0.9562894105911255,0.9866655468940735,0.947393536567688,0.007637441158294678,0.9514811635017395,0.9449745416641235,3,validation,Van Der Waals Surface Area
0.907500684261322,0.9739990830421448,0.8753342628479004,0.0015657396288588643,0.8944617509841919,0.85921311378479,0.07438278198242188,0.9727526903152466,0.9903367161750793,0.9728766083717346,0.06435807049274445,0.9730451107025146,0.9722416400909424,0.9495783448219299,0.9846970438957214,0.944607138633728,0.008453053422272205,0.9502021670341492,0.9416815042495728,3,test,Van Der Waals Surface Area
0.9963171482086182,0.9999352097511292,0.9777746796607971,0.00023074359341990203,0.9698081016540527,0.9766259789466858,0.0011736591113731265,0.9999954104423523,0.9999991655349731,0.9982291460037231,0.0007562030805274844,0.9980766773223877,0.9989481568336487,0.9999546408653259,0.9999995231628418,0.9968562126159668,0.00018643512157723308,0.9966244101524353,0.9974959492683411,4,subtrain,Van Der Waals Surface Area
0.9189738035202026,0.9792544841766357,0.8865101337432861,0.0014160735299810767,0.8990518450737,0.87376868724823,0.06488650292158127,0.9764684438705444,0.9916267395019531,0.9766812324523926,0.056436650454998016,0.9759771823883057,0.9774495959281921,0.9566634893417358,0.9871077537536621,0.9528849720954895,0.00734447967261076,0.9559718370437622,0.9495865106582642,4,validation,Van Der Waals Surface Area
0.9123324155807495,0.9778453707695007,0.8797274827957153,0.001469338545575738,0.8955714702606201,0.8650606870651245,0.06924323737621307,0.9742707014083862,0.9913473725318909,0.9747866988182068,0.05994293838739395,0.9740869998931885,0.9742107391357422,0.9527326822280884,0.9861996173858643,0.9467719197273254,0.007810687180608511,0.9536287784576416,0.944288969039917,4,test,Van Der Waals Surface Area
0.995772659778595,0.9989537000656128,0.9796052575111389,0.00022049903054721653,0.9760813117027283,0.9805198907852173,0.0010864629875868559,0.9999954104423523,0.9999992847442627,0.9980699419975281,0.0007180242100730538,0.9981558322906494,0.998849093914032,0.9999246001243591,0.9999993443489075,0.9972939491271973,0.00014765468949917704,0.9968836903572083,0.9981318712234497,5,subtrain,Van Der Waals Surface Area
0.914299488067627,0.9755226373672485,0.8850775957107544,0.0015192233258858323,0.9028750061988831,0.8709472417831421,0.06028630957007408,0.9795569181442261,0.9926323890686035,0.9789096713066101,0.05126173794269562,0.9784510135650635,0.977440595626831,0.957035481929779,0.9865659475326538,0.9528849720954895,0.007455018348991871,0.9578448534011841,0.9484773874282837,5,validation,Van Der Waals Surface Area
0.9074916839599609,0.9738525748252869,0.8764803409576416,0.0015957534778863192,0.8923793435096741,0.864870011806488,0.06617230176925659,0.9760763645172119,0.9914152026176453,0.9751050472259521,0.05646531283855438,0.974534809589386,0.9747824668884277,0.952497124671936,0.9857327342033386,0.9475359916687012,0.008110959082841873,0.9526740908622742,0.9447977542877197,5,test,Van Der Waals Surface Area
0.9920859336853027,0.9986593127250671,0.9701142311096191,0.0003406208998057991,0.966163158416748,0.962958574295044,0.0014938024105504155,0.9999333024024963,0.9999674558639526,0.998129665851593,0.0009464010363444686,0.9981940388679504,0.9983129501342773,0.9998925924301147,0.9999793767929077,0.9967965483665466,0.00020645512267947197,0.9962279796600342,0.9974755644798279,6,subtrain,Van Der Waals Surface Area
0.9142926931381226,0.9775800108909607,0.8778352737426758,0.0014682298060506582,0.899667501449585,0.8593775033950806,0.06211729347705841,0.9771341681480408,0.9917846918106079,0.9759649634361267,0.05363186076283455,0.9767719507217407,0.9745237827301025,0.9590113759040833,0.9872430562973022,0.9505770206451416,0.006964693311601877,0.9559248685836792,0.9460511803627014,6,validation,Van Der Waals Surface Area
0.9105932712554932,0.9768782258033752,0.871386706829071,0.001518915523774922,0.8969244360923767,0.8545096516609192,0.061716802418231964,0.9773353338241577,0.9914664626121521,0.9756144285202026,0.05267304554581642,0.9766879081726074,0.9740201830863953,0.9545407295227051,0.9861447215080261,0.9472813010215759,0.0075195301324129105,0.953433096408844,0.9440345764160156,6,test,Van Der Waals Surface Area
0.9940438866615295,0.9998722076416016,0.9707907438278198,0.0002942321007139981,0.9657270312309265,0.9647871851921082,0.0012123704655095935,0.9999953508377075,0.9999992847442627,0.998129665851593,0.0007420698530040681,0.9985114336013794,0.9986304044723511,0.999955415725708,0.9999995827674866,0.9969357848167419,0.00018044441821984947,0.9968025088310242,0.9975355267524719,7,subtrain,Van Der Waals Surface Area
0.9080933332443237,0.9766919016838074,0.870274543762207,0.0015462300507351756,0.8946622014045715,0.8518900871276855,0.06637479364871979,0.9748225808143616,0.990849494934082,0.9741345047950745,0.05662073940038681,0.9757397174835205,0.9732624292373657,0.9514718055725098,0.9851041436195374,0.9462793469429016,0.008175654336810112,0.9507946968078613,0.9416487812995911,7,validation,Van Der Waals Surface Area
0.9075540900230408,0.9749385118484497,0.8725327849388123,0.0015528204385191202,0.8926981687545776,0.8540011644363403,0.06321580708026886,0.9763993620872498,0.991097092628479,0.9745957255363464,0.0534762404859066,0.9750794768333435,0.9742742776870728,0.9500586986541748,0.9844808578491211,0.9449892044067383,0.008178829215466976,0.951373279094696,0.9406639337539673,7,test,Van Der Waals Surface Area
0.9950563907623291,0.9998243451118469,0.972919762134552,0.0002664202474988997,0.9664756059646606,0.9708510637283325,0.0011994095984846354,0.9999955892562866,0.9999992251396179,0.9982888102531433,0.0007261038408614695,0.9984129071235657,0.9987695813179016,0.9998537302017212,0.9999987483024597,0.9968363046646118,0.00020658568246290088,0.9966439008712769,0.9974163770675659,8,subtrain,Van Der Waals Surface Area
0.92084801197052,0.9791211485862732,0.8842021226882935,0.0013880861224606633,0.9014583230018616,0.8696447014808655,0.06281822919845581,0.9777237176895142,0.9923316240310669,0.9773975610733032,0.05428291857242584,0.9771229028701782,0.9767349362373352,0.958217978477478,0.9870411157608032,0.9531237483024597,0.0071029760874807835,0.9582231044769287,0.9501470923423767,8,validation,Van Der Waals Surface Area
0.9114573001861572,0.9768237471580505,0.8780720829963684,0.001485103159211576,0.8967154622077942,0.8641708493232727,0.06665594130754471,0.9752658605575562,0.9914054870605469,0.9756144285202026,0.05717243254184723,0.9758377075195312,0.9748459458351135,0.9523133039474487,0.9859116077423096,0.9472176432609558,0.007981818169355392,0.953304648399353,0.9439073801040649,8,test,Van Der Waals Surface Area
0.993056058883667,0.9997812509536743,0.9667913317680359,0.00032198874396272004,0.9603520631790161,0.9620494246482849,0.001548370928503573,0.9999729990959167,0.9999971985816956,0.9980898499488831,0.000992801389656961,0.997759222984314,0.998590886592865,0.9997867345809937,0.9999983310699463,0.996239423751831,0.00023319784668274224,0.9955580234527588,0.9977145791053772,9,subtrain,Van Der Waals Surface Area
0.9163248538970947,0.9806175827980042,0.8793473839759827,0.0013865464134141803,0.894083559513092,0.8583571910858154,0.06604938209056854,0.9763765335083008,0.9920640587806702,0.9751691222190857,0.05781111121177673,0.9737613797187805,0.9752302169799805,0.9599010944366455,0.9882135987281799,0.9505770206451416,0.0067991213873028755,0.9525182247161865,0.9460039734840393,9,validation,Van Der Waals Surface Area
0.9109066724777222,0.9776970148086548,0.8744428753852844,0.001470185350626707,0.8911224007606506,0.8594037890434265,0.06875453889369965,0.9755350947380066,0.9915357232093811,0.9744683504104614,0.0594920739531517,0.9749459624290466,0.9738931655883789,0.9525346755981445,0.9860605001449585,0.9467082619667053,0.007774554193019867,0.9516542553901672,0.9439073801040649,9,test,Van Der Waals Surface Area
0.9601050615310669,0.9988256692886353,0.9121533036231995,0.0008626870694570243,0.9241604208946228,0.8716884255409241,0.0037164457608014345,0.9999343752861023,0.9999847412109375,0.9978908896446228,0.0014615384861826897,0.9976792931556702,0.9982535243034363,0.9979867935180664,0.999878466129303,0.9871662259101868,0.0013917558826506138,0.9823949337005615,0.9848159551620483,0,subtrain,MACCS
0.8776694536209106,0.980646014213562,0.8233187198638916,0.00171927351038903,0.8740178346633911,0.7775835990905762,0.05572415143251419,0.978618323802948,0.992748498916626,0.9713490009307861,0.04664440453052521,0.9730762839317322,0.9698317050933838,0.9575362801551819,0.9891861081123352,0.9265419840812683,0.007328268140554428,0.931750476360321,0.9204165935516357,0,validation,MACCS
0.8779823780059814,0.9807687997817993,0.8233795762062073,0.0017186910845339298,0.8730520009994507,0.7798258662223816,0.06087246164679527,0.9767431616783142,0.992267906665802,0.970584511756897,0.05155564844608307,0.9715941548347473,0.9690020680427551,0.9558753371238708,0.9893209934234619,0.927670955657959,0.007578423246741295,0.9320263266563416,0.9191045761108398,0,test,MACCS
0.9958891868591309,0.9998754262924194,0.9765012264251709,0.00023513940686825663,0.9681322574615479,0.975611686706543,0.0013703920412808657,0.9999608993530273,0.9999874234199524,0.9982490539550781,0.000861825596075505,0.9984121918678284,0.9983329176902771,0.9998273849487305,0.9999787211418152,0.9954236149787903,0.0002730725973378867,0.9945446252822876,0.9963828325271606,1,subtrain,MACCS
0.908366322517395,0.9752756357192993,0.8756864070892334,0.0015428984770551324,0.8951773047447205,0.8579937815666199,0.0639122724533081,0.9770050048828125,0.9918726682662964,0.9757262468338013,0.05417054519057274,0.9755787253379822,0.9737197160720825,0.9509327411651611,0.9851645827293396,0.9407879114151001,0.008395412005484104,0.9450152516365051,0.9359993934631348,1,validation,MACCS
0.9051869511604309,0.973802387714386,0.8724691271781921,0.0015909041976556182,0.8904127478599548,0.8583232760429382,0.06442960351705551,0.97636878490448,0.9915760159492493,0.9747866988182068,0.05391210690140724,0.975925087928772,0.9733214974403381,0.9459344744682312,0.9839062094688416,0.9397682547569275,0.00890860240906477,0.9438670873641968,0.9357033967971802,1,test,MACCS
0.9960200786590576,0.9997960329055786,0.9768992066383362,0.0002367933775531128,0.9696317315101624,0.9745998382568359,0.00129774771630764,0.9999622702598572,0.999987781047821,0.9982888102531433,0.0007839762838557363,0.9981754422187805,0.9989877343177795,0.9998278617858887,0.999968945980072,0.9955828189849854,0.0002766578400041908,0.9944061040878296,0.9963231682777405,2,subtrain,MACCS
0.9099792242050171,0.9746001362800598,0.8744130730628967,0.0015474085230380297,0.8978449702262878,0.8538406491279602,0.06345687061548233,0.9761250615119934,0.9913862347602844,0.9778750538825989,0.053258832544088364,0.9772799611091614,0.9762717485427856,0.9486210346221924,0.9847633838653564,0.9427775740623474,0.008595670573413372,0.9480581879615784,0.9373559355735779,2,validation,MACCS
0.9037269353866577,0.9739632606506348,0.8739972114562988,0.001600577961653471,0.8917614221572876,0.85724276304245,0.06750860810279846,0.9737640023231506,0.9905709028244019,0.9751050472259521,0.056973088532686234,0.9746586084365845,0.9747824668884277,0.9443910717964172,0.9837111234664917,0.9398955702781677,0.008915932849049568,0.9456626772880554,0.9352582097053528,2,test,MACCS
0.9947667717933655,0.999754786491394,0.9744518399238586,0.00026701483875513077,0.9666910767555237,0.9710677266120911,0.0014201594749465585,0.9999610781669617,0.9999874830245972,0.9982092380523682,0.0008730111294426024,0.9977800250053406,0.9989680647850037,0.9997478127479553,0.9999881982803345,0.9959011673927307,0.0002799357462208718,0.9947252869606018,0.996919572353363,3,subtrain,MACCS
0.9112603664398193,0.9772432446479797,0.8736968040466309,0.0015059805009514093,0.892079770565033,0.8565638661384583,0.059309955686330795,0.9786421656608582,0.992820680141449,0.9772383570671082,0.0498112291097641,0.97626793384552,0.9768106937408447,0.952706515789032,0.9864314198493958,0.941504180431366,0.0080519774928689,0.9461519718170166,0.9375,3,validation,MACCS
0.904658317565918,0.9749075174331665,0.8700496554374695,0.0015771248145028949,0.8927434086799622,0.8554630279541016,0.06593023240566254,0.9756755828857422,0.9914769530296326,0.9737679958343506,0.05587087199091911,0.9732046723365784,0.9735755324363708,0.9484057426452637,0.9847365617752075,0.9385585188865662,0.008461954072117805,0.9453085064888,0.9354490041732788,3,test,MACCS
0.9971638917922974,0.9998970031738281,0.9801026582717896,0.00019929156405851245,0.9740492701530457,0.9802005887031555,0.0012934316182509065,0.9999614953994751,0.9999875426292419,0.998109757900238,0.0008313568541780114,0.997918426990509,0.9989878535270691,0.9997932314872742,0.9999885559082031,0.9957419633865356,0.00026272269315086305,0.9952767491340637,0.9966810941696167,4,subtrain,MACCS
0.9108417630195618,0.9760321974754333,0.8787903189659119,0.0015355214709416032,0.8953823447227478,0.8641563653945923,0.0722983106970787,0.9759686589241028,0.9918636083602905,0.9768404364585876,0.062163323163986206,0.9750912189483643,0.976020336151123,0.9474117755889893,0.9847143292427063,0.942300021648407,0.009007466956973076,0.9446399807929993,0.9389312863349915,4,validation,MACCS
0.90444415807724,0.9737118482589722,0.8775627017021179,0.001593952183611691,0.8940292596817017,0.8622640371322632,0.07333637773990631,0.9730854034423828,0.990628719329834,0.9756144285202026,0.06256798654794693,0.9748252034187317,0.9740201830863953,0.9446765780448914,0.9839037656784058,0.9409142732620239,0.009151287376880646,0.9441627860069275,0.9355762004852295,4,test,MACCS
0.9979735016822815,0.9998588562011719,0.9842612147331238,0.00015535908460151404,0.9782116413116455,0.9869139790534973,0.0012478547869250178,0.9999614953994751,0.9999876618385315,0.9983485341072083,0.0008406598353758454,0.9978199601173401,0.9990872144699097,0.9997990727424622,0.9999788403511047,0.9956424832344055,0.00025150246801786125,0.9950600266456604,0.9968003034591675,5,subtrain,MACCS
0.9075281023979187,0.9736488461494446,0.8775964975357056,0.001600685645826161,0.9000414609909058,0.8629211783409119,0.06394468992948532,0.9766286611557007,0.9917465448379517,0.9777158498764038,0.053643327206373215,0.9775870442390442,0.9770434498786926,0.9482843279838562,0.9843294620513916,0.9430959224700928,0.008719458244740963,0.9479685425758362,0.9386976361274719,5,validation,MACCS
0.8998000621795654,0.9710520505905151,0.872405469417572,0.0017033496405929327,0.8937313556671143,0.8563528656959534,0.07069666683673859,0.9745970964431763,0.9908047914505005,0.9739589691162109,0.05938762426376343,0.9746215343475342,0.9733214974403381,0.9420241713523865,0.9823430180549622,0.9348019957542419,0.009601925499737263,0.9433584809303284,0.9299796223640442,5,test,MACCS
0.9943371415138245,0.9996351599693298,0.9734768867492676,0.0002730225387495011,0.9690637588500977,0.9680629372596741,0.0015799903776496649,0.9999586343765259,0.9999871253967285,0.9975725412368774,0.0010077172191813588,0.9973441958427429,0.9987892508506775,0.9998363852500916,0.9999886155128479,0.9953639507293701,0.0002989010536111891,0.994365394115448,0.9962431192398071,6,subtrain,MACCS
0.9112776517868042,0.9757170677185059,0.8765618801116943,0.0015101864701136947,0.8993821144104004,0.8552485108375549,0.058439288288354874,0.9792637825012207,0.992451012134552,0.9769200086593628,0.04878804460167885,0.9766314029693604,0.9751587510108948,0.9522393941879272,0.9852223992347717,0.9415837526321411,0.008093281649053097,0.9469246864318848,0.9369934797286987,6,validation,MACCS
0.9065305590629578,0.9748483896255493,0.8742519021034241,0.001565074548125267,0.8958026766777039,0.8519036173820496,0.06298462301492691,0.9768028855323792,0.9914662837982178,0.9745957255363464,0.05296393483877182,0.9750683903694153,0.9738296270370483,0.9483128190040588,0.9844571352005005,0.9404049515724182,0.008433904498815536,0.9446120262145996,0.9360213875770569,6,test,MACCS
0.9975475072860718,0.999907374382019,0.9819531440734863,0.00017957297677639872,0.976654052734375,0.9812317490577698,0.0012755654752254486,0.999993622303009,0.999998927116394,0.9975725412368774,0.0008616112754680216,0.9977794289588928,0.9989281296730042,0.9999561309814453,0.9999995231628418,0.9957419633865356,0.00023407010303344578,0.9954742193222046,0.9967206716537476,7,subtrain,MACCS
0.9065985679626465,0.9741734862327576,0.8748109936714172,0.0016048896359279752,0.8978279232978821,0.8534783720970154,0.07642517983913422,0.9744988679885864,0.9909321069717407,0.9746119976043701,0.0655597671866417,0.9757571220397949,0.9739764928817749,0.9450963139533997,0.9828943610191345,0.9401512145996094,0.009218902327120304,0.9487655162811279,0.9348120093345642,7,validation,MACCS
0.9059219360351562,0.9739400744438171,0.8773717284202576,0.001586160738952458,0.8970754146575928,0.8597851395606995,0.06990755349397659,0.9747658371925354,0.9912996292114258,0.9734496474266052,0.0594571977853775,0.974985659122467,0.9730038642883301,0.9473795890808105,0.9842050075531006,0.9407232999801636,0.008855259045958519,0.9468263387680054,0.9353854060173035,7,test,MACCS
0.9958635568618774,0.9998451471328735,0.9751283526420593,0.00024067226331681013,0.9707545638084412,0.9715062975883484,0.0013783975737169385,0.9999938607215881,0.9999988675117493,0.9981694221496582,0.0008524300646968186,0.9988676309585571,0.9978566765785217,0.9998207092285156,0.9999690055847168,0.9954832792282104,0.0002849691372830421,0.9955666065216064,0.9952302575111389,8,subtrain,MACCS
0.917855978012085,0.9770986437797546,0.8818145394325256,0.0014368030242621899,0.9044416546821594,0.8659089207649231,0.058605678379535675,0.9793276190757751,0.9925447106361389,0.9789892435073853,0.049388933926820755,0.9793306589126587,0.9781641960144043,0.9525337815284729,0.9852702021598816,0.9485873579978943,0.0077302479185163975,0.9547281861305237,0.9440248012542725,8,validation,MACCS
0.9074565172195435,0.9745404720306396,0.877753734588623,0.0015520849265158176,0.8972247838973999,0.858958899974823,0.0636502206325531,0.9766363501548767,0.9914429783821106,0.9764420986175537,0.05332199111580849,0.9770773649215698,0.9747189283370972,0.9454869031906128,0.9832226634025574,0.9424423575401306,0.008758584037423134,0.9488632678985596,0.9369753003120422,8,test,MACCS
0.9972477555274963,0.9998378753662109,0.9816745519638062,0.00018659501802176237,0.9757309556007385,0.9828616976737976,0.0012493588728830218,0.9999611973762512,0.9999875426292419,0.998149573802948,0.000828570278827101,0.9976220726966858,0.999146580696106,0.9998275637626648,0.999959409236908,0.9960205554962158,0.00023386174871120602,0.9954557418823242,0.9969196319580078,9,subtrain,MACCS
0.9062297940254211,0.9744001626968384,0.8732988238334656,0.0015934109687805176,0.8977574706077576,0.858674943447113,0.06761709600687027,0.975682258605957,0.9916784167289734,0.9744528532028198,0.0567467026412487,0.9733312129974365,0.973563015460968,0.9440948963165283,0.9840560555458069,0.9399124383926392,0.009218291379511356,0.9447566866874695,0.935666024684906,9,validation,MACCS
0.8985702991485596,0.9714216589927673,0.8710047006607056,0.001694994978606701,0.8909572958946228,0.8548274040222168,0.07128075510263443,0.9724020957946777,0.9899905920028687,0.9724946022033691,0.05982527509331703,0.9715263843536377,0.9731309413909912,0.9398840069770813,0.981820821762085,0.9360753893852234,0.009743012487888336,0.9403808116912842,0.9329051375389099,9,test,MACCS
